Index,Tweet_Link,Author_Handle,Tweet_Content,Views,Likes,Retweets,Replies,Tweet_Creation_Date,Scraped_Date,translated_text
1,https://x.com/script_network/status/1939400115380211859,script_network,"Since announcing our Adobe Solutions Partnership last week, the effects are already visible:

• Script Network is now listed globally in Adobe’s official Solutions Directory — giving us immediate visibility to thousands of verified agencies and enterprise users.
• We’ve begun",8171,172,16,28,2025-06-29T19:06:34+00:00,2025-11-24T13:22:46.857565+00:00,"Since announcing our Adobe Solutions Partnership last week, the effects are already visible:

• Script Network is now listed globally in Adobe’s official Solutions Directory — giving us immediate visibility to thousands of verified agencies and enterprise users.
• We’ve begun"
3,https://x.com/Thafnine/status/1628434597154357249,Thafnine,"adobe after effects is a digital visual effects, motion graphics and compositing application developed by adobe inc.",12227,250,11,7,2023-02-22T16:40:37+00:00,2025-11-24T13:22:46.857565+00:00,"adobe after effects is a digital visual effects, motion graphics and compositing application developed by adobe inc."
4,https://x.com/AdobeVideo/status/1039863528138715136,AdobeVideo,"At IBC 2018, Adobe is revealing the next major releases of the Adobe video and audio tools, including new features and enhancements: 
https://
adobe.ly/2x6iHZr

#IBC2018 | #PremierePro",0,189,62,4,2018-09-12T13:09:19+00:00,2025-11-24T13:22:46.857565+00:00,"At IBC 2018, Adobe is revealing the next major releases of the Adobe video and audio tools, including new features and enhancements: 
https://
adobe.ly/2x6iHZr

#IBC2018 | #PremierePro"
6,https://x.com/AdobeDesign/status/897306883156877313,AdobeDesign,"From sketch to digital to mural, check out how this community art project came to life: 
https://
adobe.ly/2uWYK46",0,233,66,2,2017-08-15T04:00:06+00:00,2025-11-24T13:22:46.857565+00:00,"From sketch to digital to mural, check out how this community art project came to life: 
https://
adobe.ly/2uWYK46"
7,https://x.com/Photoshop/status/662367236913389568,Photoshop,"Project Comet, Adobe's complete solution for designing & prototyping modern UX is coming. 
http://
adobe.ly/1Mseopt",0,162,98,2,2015-11-05T20:33:50+00:00,2025-11-24T13:22:46.857565+00:00,"Project Comet, Adobe's complete solution for designing & prototyping modern UX is coming. 
http://
adobe.ly/1Mseopt"
10,https://x.com/Lawokeke_dev/status/1992273269052080616,Lawokeke_dev,"2. Adobe Firefly
Link

https://
adobe.com/ie/products/fi
refly.html
…
A polished workspace for illustrations, product images and clean graphics.
Great for students, beginners and anyone who needs fast, reliable results.",21,0,0,1,2025-11-22T16:45:36+00:00,2025-11-24T13:22:16.953093+00:00,"2. Adobe Firefly
Link

https://
adobe.com/ie/products/fi
refly.html
…
A polished workspace for illustrations, product images and clean graphics.
Great for students, beginners and anyone who needs fast, reliable results."
11,https://x.com/pranav_cool/status/1992119779063390465,pranav_cool,"Adventure Adobe बस आने ही वाला है—जहाँ रोमांच और प्रकृति मिलेंगे एक साथ!
 ग्लास ब्रिज से कैमूर की घाटियों का breath-taking व्यू
 100 मीटर सस्पेंशन ब्रिज का दिल-धड़काने वाला thrill

कैमूर की वादियों में बिहार का सबसे बड़ा tourism attraction तैयार है! 
#Bihar #BiharTourism",63,2,0,0,2025-11-22T06:35:41+00:00,2025-11-24T13:22:16.953093+00:00,Adventure Adobe is just around the corner where adventure and nature come together! Breathtaking view of the valleys of Camur from Glass Bridge 100m Suspension Bridge's heart-pounding thrill Bihar's biggest tourism attraction is ready in the valleys of Camur! #Bihar #BiharTourism
12,https://x.com/kuragebrain/status/1992112433083937077,kuragebrain,"授業で生徒と一緒に作ったモックアップ。
Illustratorワンクリックで製品のシェイプを検出してくれて、カーブに沿って自然な形でロゴの配置をシミュレーションできる

そんなAdobeのコンプリートプランが11/28まで50％セールやってるので1年分買いましたよ

https://
amzn.to/4pomLwD",231,0,0,0,2025-11-22T06:06:30+00:00,2025-11-24T13:22:16.953093+00:00,"So I bought a year's supply of Adobe's Complete Plan, which I made with my students in class, which allows me to detect the shape of a product with one click in Illustrator and simulate the placement of a logo along a curve in a natural way."
15,https://x.com/adobedevs/status/1991544905982742612,adobedevs,"The Code Format 
@AdobeExpress
 add-on lets you produce a syntax-highlighted image of your code to use in your design by pasting in source code from any programming language. Multiple dark  and light  themes.  
https://
adobe.ly/43jmuTi",182,1,0,0,2025-11-20T16:31:21+00:00,2025-11-24T13:22:16.953093+00:00,"The Code Format 
@AdobeExpress
 add-on lets you produce a syntax-highlighted image of your code to use in your design by pasting in source code from any programming language. Multiple dark  and light  themes.  
https://
adobe.ly/43jmuTi"
16,https://x.com/screensourced/status/1991532575186202735,screensourced,Rideback RISE and Highways Lab partner with Adobe to boost filmmaker careers. #filmmaking,10,0,0,0,2025-11-20T15:42:21+00:00,2025-11-24T13:22:16.953093+00:00,Rideback RISE and Highways Lab partner with Adobe to boost filmmaker careers. #filmmaking
22,https://x.com/WbolanosCo/status/1990928425884729831,WbolanosCo,"compra tu licencia  Adobe, con descuentos especiales, no te pierdas el Black Friday desde ahora!!!  

https://
wbolanos.co/2025/11/adobe-
black-friday-aprovecha-y-adquiere.html
…",182,0,0,0,2025-11-18T23:41:41+00:00,2025-11-24T13:22:16.953093+00:00,"buy your Adobe license, with special discounts, don't miss the Black Friday from now on!!! https://wbolanos.co/2025/11/adobe- black-friday-aprovecha-y-adquiere.html ..."
24,https://x.com/Preda2005/status/1990858121271783458,Preda2005,"Absolutely  and that’s exactly why I love using Adobe Firefly.
It’s a real amusement park for creators: you can mix images, videos, styles, and assets from dozens of different tools and companies… and everything blends like pure pixel magic. 
Each model has its",66,2,0,2,2025-11-18T19:02:19+00:00,2025-11-24T13:22:16.953093+00:00,"Absolutely  and that’s exactly why I love using Adobe Firefly.
It’s a real amusement park for creators: you can mix images, videos, styles, and assets from dozens of different tools and companies… and everything blends like pure pixel magic. 
Each model has its"
29,https://x.com/carolletta/status/1990537796411445260,carolletta,"Try Adobe Firefly and Adobe Express:

•Brainstorm your concept in Adobe Firefly Boards
•Generate an images and videos fast
•Add studio-quality music, voiceovers, and sound effects
•Move to Adobe Express for quick video promo creation
•Chose from any template and amend to",253,2,0,0,2025-11-17T21:49:27+00:00,2025-11-24T13:22:16.953093+00:00,"Try Adobe Firefly and Adobe Express:

•Brainstorm your concept in Adobe Firefly Boards
•Generate an images and videos fast
•Add studio-quality music, voiceovers, and sound effects
•Move to Adobe Express for quick video promo creation
•Chose from any template and amend to"
30,https://x.com/HTCWebSolutions/status/1990420429433942043,HTCWebSolutions,"For decades, Adobe's software tools have been the universal language of visual communication. As #AI transforms the nature of work and productivity, #Adobe is reinventing itself once again.


https://
fastcompany.com/91438448/adobe
-ai-barbie-coach-design
…
#artificialintelligence #design #creative",91,1,0,0,2025-11-17T14:03:05+00:00,2025-11-24T13:22:16.953093+00:00,"For decades, Adobe's software tools have been the universal language of visual communication. As #AI transforms the nature of work and productivity, #Adobe is reinventing itself once again.


https://
fastcompany.com/91438448/adobe
-ai-barbie-coach-design
…
#artificialintelligence #design #creative"
31,https://x.com/basasi_1/status/1988901946799849554,basasi_1,"なぜAdobeのデータはBridgeを使わないとサムネイルが見えないのか！？
私は単身でインドの奥地へと向かった。
調査の結果、村の長によると「गांव का उपयोग करके वे लोगों को सम्पूर्ण योजना की ओर ले जा रहे हैं।」と語った。
私は納得し、右手で硬い握手を交わし、カレーを食べヨガをして帰国した。",162,4,0,0,2025-11-13T09:29:10+00:00,2025-11-24T13:22:16.953093+00:00,"Why can't I see the sun when I don't use the Adobe data bridge? I went alone to the outskirts of India. The village chief said, ""They're using the village to lead people to the whole plan"". I agreed, shook hands with my right hand, ate curry, and went home to yoga."
32,https://x.com/BitgetIndia/status/1987452426836955293,BitgetIndia,"Bitget welcomes 
@ignaciobitget
 as our new CMO — leading the evolution of the Universal Exchange (UEX).

With 15+ years at Adobe, SAP & Xapo Bank, he’ll drive our mission to bridge CeFi, DeFi & TradFi into one ecosystem #UEX. 

 Read more: 
https://
bitget.site/blog/articles/
bitget-appoints-ignacio-aguirre-franco-cmo-uex
…",2314,31,4,12,2025-11-09T09:29:18+00:00,2025-11-24T13:22:16.953093+00:00,"Bitget welcomes 
@ignaciobitget
 as our new CMO — leading the evolution of the Universal Exchange (UEX).

With 15+ years at Adobe, SAP & Xapo Bank, he’ll drive our mission to bridge CeFi, DeFi & TradFi into one ecosystem #UEX. 

 Read more: 
https://
bitget.site/blog/articles/
bitget-appoints-ignacio-aguirre-franco-cmo-uex
…"
33,https://x.com/DIAdata_org/status/1986486259704033308,DIAdata_org,"New RWA feed: $ADBE/USD


@Adobe
 is a leader in creative software with products including Photoshop, Illustrator, and Acrobat, serving millions of creators and enterprises worldwide.

The Adobe stock feed can now be integrated into any DeFi dApp.

Feed: 
https://
diadata.org/app/rwa/ADBE/",10001,204,52,7,2025-11-06T17:30:06+00:00,2025-11-24T13:22:16.953093+00:00,"New RWA feed: $ADBE/USD


@Adobe
 is a leader in creative software with products including Photoshop, Illustrator, and Acrobat, serving millions of creators and enterprises worldwide.

The Adobe stock feed can now be integrated into any DeFi dApp.

Feed: 
https://
diadata.org/app/rwa/ADBE/"
34,https://x.com/nobuhiron/status/1980978271824339386,nobuhiron,写真の現像、Adobe Bridgeで2割程度を選別→サクサクっとAffinity Photoで現像+A4サイズ（これは私の好みでそうしてます）にサイズを切り抜いてWebUP、という流れが比較的上手く行った。,137,1,0,0,2025-10-22T12:43:19+00:00,2025-11-24T13:22:16.953093+00:00,"The WebUP stream went relatively well, cutting the size to image + A4 size in Affinity Photo (which I like to do)."
38,https://x.com/ArcGISApps/status/1967982247740403798,ArcGISApps,"#ArcGIS Maps for Adobe Creative Cloud is a bridge that connects #Esri's powerful mapping capabilities with #Adobe Illustrator. Experience what's possible with a curated series of tutorials to get started: 
https://
ow.ly/v9m450WWaiv",219,1,0,0,2025-09-16T16:01:45+00:00,2025-11-24T13:22:16.953093+00:00,"#ArcGIS Maps for Adobe Creative Cloud is a bridge that connects #Esri's powerful mapping capabilities with #Adobe Illustrator. Experience what's possible with a curated series of tutorials to get started: 
https://
ow.ly/v9m450WWaiv"
41,https://x.com/akiko_2024_0401/status/1962871799416541620,akiko_2024_0401,"大量の写真から一部の写真を選定する作業が辛すぎて
写真撮影控え気味にしていたのですが

Adobe Bridgeなるアプリでサクサク良い写真を選定して
Lightroomでレタッチをすれば
効率最高ということを今日知って
また大量に写真撮りたくなってきたぞ",366,12,0,0,2025-09-02T13:34:40+00:00,2025-11-24T13:22:16.953093+00:00,"It used to be so hard to choose a few photos from a bunch of photos, and I didn't want to take any, but now I know that choosing the best photos with Adobe Bridge and retouching them in Lightroom is the most efficient way to do it, and I want to take a bunch of photos again."
43,https://x.com/Chiemi_design25/status/1956285871381958660,Chiemi_design25,"「バナーデザインのサイズ展開」「制作したものを共有」を視聴
縦長・横長などのリサイズ時の注意点がよく理解できました
また、Adobe Bridgeの使い方を初めて知ったので、これから活用して効率的に共有していきたいと思います！
#アドビクリエイティブカレッジ",342,11,0,0,2025-08-15T09:24:32+00:00,2025-11-24T13:22:16.953093+00:00,"I've learned a lot about how to scale banners, how to share what you've created, how to focus on resizing things like vertical and lateral, and I've learned how to use Adobe Bridge for the first time, so I'm excited to use it and share it more effectively! #AdobeCreativeCollege"
44,https://x.com/siggraph/status/1954951065448636593,siggraph," Dive into Educator’s Day at #SIGGRAPH2025! Today, explore inspiring sessions designed to empower teachers and leaders in digital arts and tech education. From Adobe’s 3D Creative Career Bridge to MetaHumans in Unreal Engine and AI tools for the classroom, there’s something to",1038,3,1,0,2025-08-11T17:00:29+00:00,2025-11-24T13:22:16.953093+00:00," Dive into Educator’s Day at #SIGGRAPH2025! Today, explore inspiring sessions designed to empower teachers and leaders in digital arts and tech education. From Adobe’s 3D Creative Career Bridge to MetaHumans in Unreal Engine and AI tools for the classroom, there’s something to"
50,https://x.com/script_network/status/1936137865190162578,script_network,"MAJOR ANNOUNCEMENT

Adobe Selects Script Network As a Solutions Partner - the first blockchain-native company to achieve this

 Official Adobe listing:

https://
partners.adobe.com/s/directory/so
lution/script%20technologies
…

Here’s what this means:
— Exclusive integrations with Premiere Pro, After Effects, and more
— A",34414,378,53,76,2025-06-20T19:03:33+00:00,2025-11-24T13:22:16.953093+00:00,"MAJOR ANNOUNCEMENT

Adobe Selects Script Network As a Solutions Partner - the first blockchain-native company to achieve this

 Official Adobe listing:

https://
partners.adobe.com/s/directory/so
lution/script%20technologies
…

Here’s what this means:
— Exclusive integrations with Premiere Pro, After Effects, and more
— A"
52,https://x.com/keiphotostudio/status/1933365591089557789,keiphotostudio,"Adobe Bridgeで作業してると動きがおかしい。。。
ラベルをつけると画像がスクロールしてしまう。。

フルディスクにしても、環境リセットも効果がない。

アンインストールしてからバージョンを落として
再インストール。
すると治った。",505,31,0,0,2025-06-13T03:27:31+00:00,2025-11-24T13:22:16.953093+00:00,"When I'm working with Adobe Bridge, I can't move. When I put a label on it, the image scrolls. When I put it on a full disk, the environment reset doesn't work. I uninstall the version, drop it, reinstall it, and it's fine."
62,https://x.com/tulsatech/status/1917685523172241675,tulsatech,"Photoshop for Photographers

Import images into Photoshop using Adobe Bridge, which enables image organization, renaming and metadata management to streamline workflow. 

 Every Tues. & Thurs., May 20-June 5
 6-10 pm
 Riverside Campus

Enroll Today: 
https://
enrole.com/tulsatech/jsp/
session.jsp?sessionId=2025ST-GRPH-3402-S4051&courseId=GRPH-3402&categoryId=C10FB528
…",55,0,0,0,2025-04-30T21:00:32+00:00,2025-11-24T13:22:16.953093+00:00,"Photoshop for Photographers

Import images into Photoshop using Adobe Bridge, which enables image organization, renaming and metadata management to streamline workflow. 

 Every Tues. & Thurs., May 20-June 5
 6-10 pm
 Riverside Campus

Enroll Today: 
https://
enrole.com/tulsatech/jsp/
session.jsp?sessionId=2025ST-GRPH-3402-S4051&courseId=GRPH-3402&categoryId=C10FB528
…"
68,https://x.com/AkinOzcan85/status/1796511209019351100,AkinOzcan85,"Adobe'nin ücretsiz eğitimler, paketler, filtreler, preset'lerinin bulunduğu link.

Video, fotoğraf, illüstrasyon, grafik tasarım için ayrı ayrı varlıklar mevcut. Tam köşede tutmalık ama kullanmak üzere tutmalık. :)


https://
creativecloud.adobe.com/cc/discover/fr
ee-assets/?page=2&filter=photography
…",26067,206,31,1,2024-05-31T11:57:04+00:00,2025-11-24T13:22:16.953093+00:00,"Here's a link to Adobe's free tutorials, packages, filters, presets. There are separate assets for video, photography, illustration, graphic design. Keep it right in the corner but keep it ready to use. :) https://creativecloud.adobe.com/cc/discover/fr ee-assets/?page=2&filter=photography ..."
71,https://x.com/historyinmemes/status/1715226400708243486,historyinmemes,"In Cusco, Peru, stands an impressive adobe sculpture of an Incan god. Adobe is a building material crafted from a blend of earth and organic components. Although the term ""adobe"" translates to 'mudbrick' in Spanish, in certain English-speaking regions with Spanish heritage, it",2227640,10147,1177,141,2023-10-20T04:40:15+00:00,2025-11-24T13:22:16.953093+00:00,"In Cusco, Peru, stands an impressive adobe sculpture of an Incan god. Adobe is a building material crafted from a blend of earth and organic components. Although the term ""adobe"" translates to 'mudbrick' in Spanish, in certain English-speaking regions with Spanish heritage, it"
74,https://x.com/creativecloudjp/status/1453134399357259786,creativecloudjp,"【Adobe Photoshopアップデート】

Photoshopのデスクトップ版およびiPad版における機能が拡充しました

さらに、手軽な編集とコラボレーション機能をブラウザで実現するAdobe Photoshop web版（ベータ版）も登場


https://
adobe.ly/3bacXCz

#AdobeMAX",0,330,55,0,2021-10-26T23:00:13+00:00,2025-11-24T13:22:16.953093+00:00," Adobe Photoshop updates  The desktop and iPad versions of Photoshop have been expanded with new features. Additionally, Adobe Photoshop web version (beta version) has been released with easy editing and collaboration functionality in the browser. https://adobe.ly/3bacXCz #AdobeMAX"
75,https://x.com/vas/status/1428449728824369157,vas,"1/2 Thrilled to share Adobe is acquiring 
http://
Frame.io. A major outcome (~$1.3b!) for a company that defined collaboration for video teams globally. Thank you Emery & John for letting us lead your Seed and Series A in 2015. Can't wait to see what you all do together...",0,234,27,9,2021-08-19T20:12:09+00:00,2025-11-24T13:22:16.953093+00:00,"1/2 Thrilled to share Adobe is acquiring 
http://
Frame.io. A major outcome (~$1.3b!) for a company that defined collaboration for video teams globally. Thank you Emery & John for letting us lead your Seed and Series A in 2015. Can't wait to see what you all do together..."
77,https://x.com/Photoshop/status/1394684206781849605,Photoshop,"See how Chibu uses Photoshop to transform a crosswalk into an animated canvas of crazy characters. #CreativityForAll​ 
https://
adobe.ly/3fq8InN",0,222,33,1,2021-05-18T16:00:01+00:00,2025-11-24T13:22:16.953093+00:00,"See how Chibu uses Photoshop to transform a crosswalk into an animated canvas of crazy characters. #CreativityForAll​ 
https://
adobe.ly/3fq8InN"
78,https://x.com/mistercodybrown/status/1103055631869595648,mistercodybrown,"I love how 
@Photoshop
 
@Illustrator
 and 
@AdobeXD
 work seamlessly together when creating branded concepts and interactive prototypes. Here I demonstrate how to design a simple & bold brand as well as bringing it to life with 
@AdobeXD
 #MadeWithAdobeXD  
http://
bit.ly/2Uhsq9E",0,197,27,9,2019-03-05T22:12:11+00:00,2025-11-24T13:22:16.953093+00:00,"I love how 
@Photoshop
 
@Illustrator
 and 
@AdobeXD
 work seamlessly together when creating branded concepts and interactive prototypes. Here I demonstrate how to design a simple & bold brand as well as bringing it to life with 
@AdobeXD
 #MadeWithAdobeXD  
http://
bit.ly/2Uhsq9E"
80,https://x.com/BrendanBlaber/status/935252391594811392,BrendanBlaber,"ADOBE: Okay Photoshop is looking pretty good. Any last minute additions, team?
SATAN WEARING A MUSTACHE: Put ""Open in Adobe Bridge"" right underneath the Open button so people will accidentally click it and waste 5 minutes while Bridge clambers to life.
ADOBE: Perfect!",0,155,14,4,2017-11-27T21:02:00+00:00,2025-11-24T13:22:16.953093+00:00,"ADOBE: Okay Photoshop is looking pretty good. Any last minute additions, team?
SATAN WEARING A MUSTACHE: Put ""Open in Adobe Bridge"" right underneath the Open button so people will accidentally click it and waste 5 minutes while Bridge clambers to life.
ADOBE: Perfect!"
83,https://x.com/Adobe/status/817675405939179521,Adobe,"No two strokes are the same. Get at peek at how Project Wetbrush is bringing even more depth to digital: 
https://
adobe.ly/2iRtQbq",0,128,59,3,2017-01-07T10:13:03+00:00,2025-11-24T13:22:16.953093+00:00,"No two strokes are the same. Get at peek at how Project Wetbrush is bringing even more depth to digital: 
https://
adobe.ly/2iRtQbq"
84,https://x.com/AdobeDesign/status/744892596422467586,AdobeDesign,"Colors twist and turn in Edison Wong's 'Bloom' series: 
http://
adobe.ly/28JeHVb",0,81,21,0,2016-06-20T14:00:09+00:00,2025-11-24T13:22:16.953093+00:00,"Colors twist and turn in Edison Wong's 'Bloom' series: 
http://
adobe.ly/28JeHVb"
85,https://x.com/Photoshop/status/697106848520892417,Photoshop,"Bridge CC 6.2 is here & freeing up your time for (organized) creativity. See what’s new: 
http://
adobe.ly/1WQc7f8",0,86,45,2,2016-02-09T17:16:38+00:00,2025-11-24T13:22:16.953093+00:00,"Bridge CC 6.2 is here & freeing up your time for (organized) creativity. See what’s new: 
http://
adobe.ly/1WQc7f8"
86,https://x.com/AdobeDesign/status/697101163410300928,AdobeDesign,"Create a cool brush from a photo with #AdobeCapture. Then use it in Illustrator. Try it: 
http://
adobe.ly/1Xghm8c

https://
amp.twimg.com/v/fbb7add2-18c
5-4cfe-84a1-d0bc05199a38
…",0,73,27,1,2016-02-09T16:54:03+00:00,2025-11-24T13:22:16.953093+00:00,"Create a cool brush from a photo with #AdobeCapture. Then use it in Illustrator. Try it: 
http://
adobe.ly/1Xghm8c

https://
amp.twimg.com/v/fbb7add2-18c
5-4cfe-84a1-d0bc05199a38
…"
87,https://x.com/chrisbmarquez/status/1992288244805869805,chrisbmarquez,"Smart tools powered by Adobe from social to the big screen. #Ad > 
http://
be.net/chrisbmarquez",21,0,0,0,2025-11-22T17:45:07+00:00,2025-11-24T13:21:47.080008+00:00,"Smart tools powered by Adobe from social to the big screen. #Ad > 
http://
be.net/chrisbmarquez"
88,https://x.com/Swopes/status/1992244797139247448,Swopes,"You should try it!  you’ve got it included in your creative cloud plan on 
http://
firefly.adobe.com ",32,1,0,1,2025-11-22T14:52:28+00:00,2025-11-24T13:21:47.080008+00:00,"You should try it!  you’ve got it included in your creative cloud plan on 
http://
firefly.adobe.com "
89,https://x.com/GoBlueStingray/status/1991977553406624017,GoBlueStingray,"#AdobeCommerce isn’t just an #eCommerce platform—it’s a powerhouse. From AI-driven personalization to unified data, omnichannel journeys, and B2B/B2C scalability, it delivers serious impact when tailored right. What’s your standout feature?

https://
linkedin.com/pulse/adobe-co
mmerce-leveraging-true-power-open-source-0zk6c
…
 #Magento",15,0,0,0,2025-11-21T21:10:32+00:00,2025-11-24T13:21:47.080008+00:00,"#AdobeCommerce isn’t just an #eCommerce platform—it’s a powerhouse. From AI-driven personalization to unified data, omnichannel journeys, and B2B/B2C scalability, it delivers serious impact when tailored right. What’s your standout feature?

https://
linkedin.com/pulse/adobe-co
mmerce-leveraging-true-power-open-source-0zk6c
…
 #Magento"
90,https://x.com/chrisbmarquez/status/1991563482098012471,chrisbmarquez,"Smart tools powered by Adobe from social to the big screen. #Ad > 
http://
be.net/chrisbmarquez",26,0,0,0,2025-11-20T17:45:10+00:00,2025-11-24T13:21:47.080008+00:00,"Smart tools powered by Adobe from social to the big screen. #Ad > 
http://
be.net/chrisbmarquez"
94,https://x.com/chrisbmarquez/status/1990838710485635229,chrisbmarquez,"Smart tools powered by Adobe from social to the big screen. #Ad > 
http://
be.net/chrisbmarquez",145,0,0,0,2025-11-18T17:45:11+00:00,2025-11-24T13:21:47.080008+00:00,"Smart tools powered by Adobe from social to the big screen. #Ad > 
http://
be.net/chrisbmarquez"
102,https://x.com/akakttt31/status/1982671185650577450,akakttt31,素材開こうとして間違えてAdobe Bridge開く度に叫んで気持ちを開放している。,379,1,0,0,2025-10-27T04:50:21+00:00,2025-11-24T13:21:47.080008+00:00,"Every time I try to open the material, I open the Adobe Bridge by mistake, and I scream and open my heart."
103,https://x.com/kiyady/status/1972920033375564215,kiyady,Adobe Bridgeの中にあるドビブリッ,129,1,0,0,2025-09-30T07:02:45+00:00,2025-11-24T13:21:47.080008+00:00,It's in the Adobe Bridge.
109,https://x.com/SteinbrinkLaura/status/1945312011073761742,SteinbrinkLaura,"Battle of AI! I wanted to add a red super hero cape & place myself with the Golden Gate Bridge in the background in honor of the ACE Innovator Summit in San Fran that kicks off tomorrow. I’m pumped to present an Ignite session on Friday, so I had some fun with this. 

1. Adobe",835,25,7,9,2025-07-16T02:38:20+00:00,2025-11-24T13:21:47.080008+00:00,"Battle of AI! I wanted to add a red super hero cape & place myself with the Golden Gate Bridge in the background in honor of the ACE Innovator Summit in San Fran that kicks off tomorrow. I’m pumped to present an Ignite session on Friday, so I had some fun with this. 

1. Adobe"
112,https://x.com/reflex_1124/status/1930812545230860692,reflex_1124,Adobe Bridgeって今まで使ってこなかったけど実はかなり便利だったりする？,502,2,0,0,2025-06-06T02:22:38+00:00,2025-11-24T13:21:47.080008+00:00,"I've never used Adobe Bridge before, but it's actually pretty handy."
115,https://x.com/wanico3/status/1921835010421670224,wanico3,"Adobe Bridge
めちゃくちゃありがたい。
Photoshop作業を楽にするのに大活躍している。
今までCCの中でも埋もれさせていたBridgeくん。今キミは光り輝いているよ。
ありがとうーー！",173,5,1,0,2025-05-12T07:49:07+00:00,2025-11-24T13:21:47.080008+00:00,Thank you so much for Adobe Bridge. It's great for making Photoshop easier to work with.
118,https://x.com/SAIKA/status/1916116145028878769,SAIKA,SMBで接続すればローカルストレージと同様の使い勝手に　＞ブログ更新：UGREEN NASync でAdobe Bridgeを使う,434,0,0,0,2025-04-26T13:04:23+00:00,2025-11-24T13:21:47.080008+00:00,"If you connect with SMB, you'll be able to use it as easily as you would with local storage."
120,https://x.com/efficiency_d/status/1911608713691144563,efficiency_d,"Adobe Bridgeのスクリプト作ってるけどIllustratorのスクリプトよりも、なかなかすんなり行かない。

でもIllustratorとの連携考えると絶対便利だな",1406,13,1,0,2025-04-14T02:33:27+00:00,2025-11-24T13:21:47.080008+00:00,"I'm doing Adobe Bridge scripts, but they're not as smooth as Illustrator scripts, but they're definitely helpful when you're working with Illustrator."
126,https://x.com/mmmiyama_D/status/1529432838306930689,mmmiyama_D,Adobeさんがすごいのリリースしてました！「Adobe気になる…」な人は無料で使えるこちらをぜひ！使い方は一言でいうとCan●aさんです（笑）動画が弱いので総合力ではCan●aさん勝利なんですが、今後Premiereという伝家の宝刀でバージョンアップしたら勢力図が塗り変わりそう。良かったらおためしを,0,1952,520,10,2022-05-25T12:02:58+00:00,2025-11-24T13:21:47.080008+00:00,"Adobe has released a fantastic release! ""Adobe interested""... please use this for free! The way to use it in a word is Can●a. (Laughter) The video is weak, so overall, Can●a is winning, but in the future, if I version it with the treasure knife of a publisher called Premiere, the power map would have changed."
129,https://x.com/creativecloudjp/status/920804133346488320,creativecloudjp,"#Illustrator に新機能 #パペットワープ を搭載。パスやアンカーポイントを個別に調整することなく、ベクターグラフィックを自然な形で修正できます。
https://
adobe.ly/2xPj74E #AdobeMAX",0,334,137,1,2017-10-19T00:09:47+00:00,2025-11-24T13:21:47.080008+00:00,#Illustrator has a new feature #Puppetwarp. You can edit vector graphics in a natural way without having to adjust paths or anchor points individually. https://adobe.ly/2xPj74E #AdobeMAX
134,https://x.com/TES_Dattan/status/1992424715315794299,TES_Dattan,"なるほど、これがAffinityか…
Adobeの契約はあまりに高い
でも、仕事で慣れているツールだから使いやすい
とりあえず今年はブラックフライデーのセールで半額契約したけど、今後のことを考えると使い方を覚えて移行したほうがいいのかなぁ",597,7,1,0,2025-11-23T02:47:24+00:00,2025-11-24T13:21:16.967179+00:00,"Okay, so this is Affinity, or Adobe -- the contract is too expensive, but it's a tool I'm used to at work, so it's easy to use."
135,https://x.com/DaniDvein/status/1992405044407468386,DaniDvein,"A dia de hoy ya ni es necesario piratear adobe. (En su dia si fui xd) Esta Affinity que es completamente gratuito, tenemos Davinci Resolve y muchas mas herramientas sin tener que desembolsar nada",85,1,0,0,2025-11-23T01:29:14+00:00,2025-11-24T13:21:16.967179+00:00,"Nowadays you don't even need to hack Adobe anymore. (In your day if I was xD) This Affinity which is completely free, we have Davinci Resolve and many more tools without having to pay anything"
137,https://x.com/IndexBihar/status/1991791951117717708,IndexBihar,"“Adventure Adobe” coming up at Telhar Kund, Kaimur!

Coming soon:
- Glass Bridge with stunning views
- 100m Suspension Bridge for thrill lovers

Bihar is getting a major adventure hotspot!",8326,522,42,9,2025-11-21T08:53:01+00:00,2025-11-24T13:21:16.967179+00:00,"“Adventure Adobe” coming up at Telhar Kund, Kaimur!

Coming soon:
- Glass Bridge with stunning views
- 100m Suspension Bridge for thrill lovers

Bihar is getting a major adventure hotspot!"
141,https://x.com/YUJI_id/status/1991653466700472452,YUJI_id,"【Fireflyボード】Adobe Fireflyボードには、たくさんの［プリセット］が用意されています（現在30個）。どれも、非常に面白い結果が得られますので、ぜひ試してみてください。
#AdobeMAX
#AdobeCommunityEvangelist",465,2,1,0,2025-11-20T23:42:44+00:00,2025-11-24T13:21:16.967179+00:00,"There are a lot of presets available for Adobe Firefly boards -- there are 30 of them right now -- and all of them have very interesting results, so you should try them. #AdobeMAX #AdobeCommunityEvangelist"
144,https://x.com/zenfakee/status/1991148637750280533,zenfakee,the single software adobe has actually made that is good and works,110,2,0,1,2025-11-19T14:16:43+00:00,2025-11-24T13:21:16.967179+00:00,the single software adobe has actually made that is good and works
148,https://x.com/sachimitsu_e/status/1990797225275109623,sachimitsu_e,"今日は朝からイラレの不具合で
バタバタしておりました
adobe bridgeも愛用中なので
入力の作業できなくて焦る…

Xのおかげで、全体的な不具合なのか
私のPCの問題なのかが
検索してすぐに判明し
ちょっと安心

解決策も流れていて
本当に助かりました",379,5,1,0,2025-11-18T15:00:20+00:00,2025-11-24T13:21:16.967179+00:00,"I've been struggling with a lot of issues this morning, and I love Adobe Bridge, so I'm in such a hurry to work on my input, and thanks to X, I was able to quickly find out if it was a general malfunction or a problem with my PC, and I was relieved, and there was a solution, and it really helped."
152,https://x.com/higumania/status/1990650504108781782,higumania,Adobe Bridgeもね、よろしくないです。誤魔化しながら動かしてなんとかキリのいいところまでやったけどもう今日は仕方ない。明日復旧を祈るのみ。,228,1,0,0,2025-11-18T05:17:19+00:00,2025-11-24T13:21:16.967179+00:00,"Adobe Bridge, it's not good. I tried to manipulate it and run it to the best of my ability, but I can't do anything today. I just hope it's fixed tomorrow."
153,https://x.com/Chin_thakan/status/1990647055145136627,Chin_thakan,"പ്രമുഖ ഹൗസ് വാമിംഗ് വീഡിയോ ട്രെൻഡ് ചെയ്യുന്നതിൽ വെൽക്കം ടൂ ഔർ Adobe എന്നാണ് ബോർഡ് ഇരിക്കുന്നത്.

വീടിന് പൊതുവെ Abode എന്നാണ് ഉപയോഗിക്കാറ്. Adobe എന്നത് കളിമണ്ണ്/ചെളി അത് കൊണ്ട് ഉണ്ടാക്കിയ കുടിൽ എന്നൊക്കെ ആണ് അർത്ഥം.

Melcow മോമെന്റ് ആണോ ആണോ അതോ ഈ പാവപ്പെട്ടവന്റെ കുടിൽ എന്നാണോ!",1478,21,1,2,2025-11-18T05:03:37+00:00,2025-11-24T13:21:16.967179+00:00,Welcome to Our Adobe is the board on the main housewarming video trend. The house is generally used to mean Abode. Adobe means a clay/silk made cottage. Is it the Melcow moment or this poor man's cottage?
160,https://x.com/AparicioCadiz/status/1990530536662839385,AparicioCadiz,"Adobe $ADBE sigue cayendo y cotiza a precio de empresa del montón, siendo una de las mejores empresas del mundo, con un modelo SAAS con altas barreras de entrada, recurrencia y uno de los retornos más altos sobre el capital invertido del mercado.",14668,117,11,11,2025-11-17T21:20:36+00:00,2025-11-24T13:21:16.967179+00:00,"Adobe $ADBE continues to fall and trades at a hefty enterprise price, being one of the best companies in the world, with a SAAS model with high barriers to entry, recurrence and one of the highest returns on invested capital in the market."
162,https://x.com/McBullish/status/1990507683997495767,McBullish,"here are my few cents on why adobe actually is a good buy. Thanks for your insights.


https://
northerncompounding.substack.com/p/adobe-a-qual
ity-compounder-hidden?r=1w705f&utm_campaign=post&utm_medium=web&triedRedirect=true
…",120,1,0,1,2025-11-17T19:49:48+00:00,2025-11-24T13:21:16.967179+00:00,"here are my few cents on why adobe actually is a good buy. Thanks for your insights.


https://
northerncompounding.substack.com/p/adobe-a-qual
ity-compounder-hidden?r=1w705f&utm_campaign=post&utm_medium=web&triedRedirect=true
…"
164,https://x.com/pkn32569/status/1989387556124070359,pkn32569,Adobe Bridgeを久しぶりに立ち上げた。,99,0,0,0,2025-11-14T17:38:49+00:00,2025-11-24T13:21:16.967179+00:00,I've launched Adobe Bridge for the first time in a long time.
166,https://x.com/Adiva_Farida/status/1987974075130748948,Adiva_Farida,"I just finished my exams when I made this, so my creative juice wasn’t flowing as it should (brain was strained from all the academic work)

However, I was still able to deliver, and Toki was pleased!

Light Client Bridge, artistically depicted

Really, nobody does it better ",14806,805,64,33,2025-11-10T20:02:08+00:00,2025-11-24T13:21:16.967179+00:00,"I just finished my exams when I made this, so my creative juice wasn’t flowing as it should (brain was strained from all the academic work)

However, I was still able to deliver, and Toki was pleased!

Light Client Bridge, artistically depicted

Really, nobody does it better "
167,https://x.com/ProDesignTools/status/1986119244963045634,ProDesignTools,"It's true: Adobe Bridge 2026 is 100% free for you to download and use forever, with no subscription:",91,1,0,0,2025-11-05T17:11:42+00:00,2025-11-24T13:21:16.967179+00:00,"It's true: Adobe Bridge 2026 is 100% free for you to download and use forever, with no subscription:"
172,https://x.com/ganyujapan/status/1977958939661861081,ganyujapan,"Adobe Bridge使ってる方いらっしゃいますか？

アプリ内でファイル名変更する時、「IMG_1234のコピー.jpg」の様にファイル名に「ピ」と半濁点がついている場合、バックスペースで消そうとするとめっちゃバグりません？

あれがめちゃくちゃイライラするのですが分かる人いないかなと思い書きました。",3296,5,3,1,2025-10-14T04:45:34+00:00,2025-11-24T13:21:16.967179+00:00,"Do any of you use Adobe Bridge? When you change the name of a file in your app, if you have a ""p"" and a semicolon in the file name, like ""copy.jpg in IMG_1234"", you're not going to get hurt if you try to delete it in the backspace."
175,https://x.com/ArcGISPro/status/1967982206153871509,ArcGISPro,"#ArcGIS Maps for Adobe Creative Cloud is a bridge that connects #Esri's powerful mapping capabilities with #Adobe Illustrator. Experience what's possible with a curated series of tutorials to get started: 
https://
ow.ly/muh450WWajq",1110,13,4,1,2025-09-16T16:01:35+00:00,2025-11-24T13:21:16.967179+00:00,"#ArcGIS Maps for Adobe Creative Cloud is a bridge that connects #Esri's powerful mapping capabilities with #Adobe Illustrator. Experience what's possible with a curated series of tutorials to get started: 
https://
ow.ly/muh450WWajq"
176,https://x.com/sonidesignerx/status/1967157947370471923,sonidesignerx,"تعرف إنك ممكن تستخدم Adobe Bridge علشان تستعرض كل الـ Presets الجاهزة اللي في After Effects؟ 
وكمان تقدر تطبقها مباشرة جوه After Effects من غير ما تلف كتير 

لأن عددها كبير جدا، فدي طريقة حلوة ومرتبة تستعرض بيها كل البريستس 
 رابط فيديو يوضح الطريقة

https://
youtube.com/watch?v=oXe-ga
K_0t0
…",351,6,0,0,2025-09-14T09:26:17+00:00,2025-11-24T13:21:16.967179+00:00,"You know you can use Adobe Bridge to view all the pre-made presets in After Effects? You can also apply it directly to the After Effects environment without much damage because there are so many of them, it's a nice and organized way to view all the presets."
179,https://x.com/philly_foster/status/1963670178840916403,philly_foster,Real talk who tf uses Adobe Bridge,465,2,0,2,2025-09-04T18:27:08+00:00,2025-11-24T13:21:16.967179+00:00,Real talk who tf uses Adobe Bridge
181,https://x.com/AllaAisling/status/1961824884301955154,AllaAisling,"I’m so excited to share some big news — I’ve been invited to join Adobe’s AI Creator Ambassador Program.

This means a lot to me. 
@Adobe
 tools have been part of my creative journey for as long as I can remember, helping me turn strange visions and bold ideas into something real.",11093,316,25,108,2025-08-30T16:14:36+00:00,2025-11-24T13:21:16.967179+00:00,"I’m so excited to share some big news — I’ve been invited to join Adobe’s AI Creator Ambassador Program.

This means a lot to me. 
@Adobe
 tools have been part of my creative journey for as long as I can remember, helping me turn strange visions and bold ideas into something real."
183,https://x.com/hanawa_pixels/status/1956014792994644148,hanawa_pixels,とりあえず、2台のMacBook ProのAdobe BridgeとLightroom Classic のアップデートは無事に完了。,2087,30,1,1,2025-08-14T15:27:22+00:00,2025-11-24T13:21:16.967179+00:00,"In the meantime, the Adobe Bridge and Lightroom Classic updates for the two MacBook Pros have been successfully completed."
184,https://x.com/tarsprotocol/status/1954858074256064611,tarsprotocol,"Apple. AWS. Adobe. NVIDIA. Google. Solana.....

TARS is hardwiring intelligence into the world’s most trusted ecosystems, creating a direct bridge between enterprise tech and retail.

The intersection where scale meets decentralization.",251589,906,213,105,2025-08-11T10:50:59+00:00,2025-11-24T13:21:16.967179+00:00,"Apple. AWS. Adobe. NVIDIA. Google. Solana.....

TARS is hardwiring intelligence into the world’s most trusted ecosystems, creating a direct bridge between enterprise tech and retail.

The intersection where scale meets decentralization."
187,https://x.com/blacksheeptokyo/status/1951057014928605505,blacksheeptokyo,Adobe Bridge 15.1.1で久しぶりにExtendScriptいじったら現在立ち上がっている複数のウインドウの情報取得できた。,142,2,0,0,2025-07-31T23:06:55+00:00,2025-11-24T13:21:16.967179+00:00,"With Adobe Bridge 15.1.1, for the first time in a long time, using ExtendScript, I was able to get information about multiple windows that are currently running."
192,https://x.com/efficiency_d/status/1943527922402496565,efficiency_d,"これ全てのデザイナーに朗報では？
今Bridgeをアップデートしたんだけど、「クイックアクション」なる新機能が追加されてる。
「背景を削除」とかがAdobe Express経由？で、Bridgeから簡単にできるようになってる。
まだ少しか試してないけどBridge頻繁に使う身としては激アツ
#デザイナー",3251,41,6,0,2025-07-11T04:29:00+00:00,2025-11-24T13:21:16.967179+00:00,"Good news for all the designers out there. We've just updated Bridge, and we've added a new feature called ""Quick Action"", which makes it easy to do things like ""Remove Background"" through Adobe Express, and you can do it from Bridge."
193,https://x.com/garvageart/status/1943032435001954407,garvageart,"If opening Adobe Bridge alone can bring laptop to a complete standstill, that's enough enough fury inside of me to finish this project",150,2,0,1,2025-07-09T19:40:06+00:00,2025-11-24T13:21:16.967179+00:00,"If opening Adobe Bridge alone can bring laptop to a complete standstill, that's enough enough fury inside of me to finish this project"
195,https://x.com/MarcelAndRogie/status/1940965796504916377,MarcelAndRogie,"This is what Agoura Hills looked like when I moved there with my parents in 1976.

That bridge is where the Reyes Adobe offramp is today.

Look at all that traffic on the 101 Freeway!",6193,118,2,21,2025-07-04T02:48:01+00:00,2025-11-24T13:21:16.967179+00:00,"This is what Agoura Hills looked like when I moved there with my parents in 1976.

That bridge is where the Reyes Adobe offramp is today.

Look at all that traffic on the 101 Freeway!"
197,https://x.com/Genki119/status/1935246230231109644,Genki119,"【Adobe Illustrator】の「鉛筆ツール」が超進化！ 新機能「ライブプレビュー」と「ライブカーブサイズ調整」で、ますますフリーハンドが楽しくなります。ベクターで手描き文字やラフなタッチのイラスト、楽しもう！　#PR #AdobePartner #AdobeIllustrator 
@creativecloudjp",46216,562,83,0,2025-06-18T08:00:31+00:00,2025-11-24T13:21:16.967179+00:00,"Adobe Illustrator's pencil tool is super evolved! With new features like Live Preview and Live Curve Size Adjustment, free-handedness is becoming more and more fun."
198,https://x.com/ErikNaso/status/1934982972308148252,ErikNaso,"I used Adobe Bridge 2025 for the first time. I haven't used Bridge in many years, but I found it helpful for quickly culling photos from a shoot.",367,4,0,4,2025-06-17T14:34:25+00:00,2025-11-24T13:21:16.967179+00:00,"I used Adobe Bridge 2025 for the first time. I haven't used Bridge in many years, but I found it helpful for quickly culling photos from a shoot."
200,https://x.com/yamo74/status/1928628338576470333,yamo74,Finderで選択しているフォルダ・ファイルを2022以降のAdobe Bridgeに開かせるAppleScript,607,2,1,0,2025-05-31T01:43:22+00:00,2025-11-24T13:21:16.967179+00:00,AppleScript opens the folder file you've selected in the Finder to Adobe Bridge after 2022
204,https://x.com/DesignSpot_Jap/status/1889691645614104631,DesignSpot_Jap,"【Adobe Firefly web版のリニューアル】
ついに「動画生成」が追加されました
テキストから動画を生成したり、イメージに合わせて静止画を動かすことができます！
（音あり解説）
#AdobeFirefly #PR #AdobePartner #AdobeMAX

@creativecloudjp",62157,471,79,1,2025-02-12T15:02:51+00:00,2025-11-24T13:21:16.967179+00:00,"We've finally added video creation, which allows you to create video from text or animate still images to match your images!"
205,https://x.com/suuun82/status/1882813198887432424,suuun82,Webデザインでも瞬間的に魅力的に見せるレタッチは欠かせません。昔はPhotoshopメインでしたが、今はAdobe BridgeのCamera Rawで編集しています。この操作性がLightroomとほぼ一緒で、一気に複数の編集ができて、一気に指定の解像度・サイズで書き出せるので、めちゃくちゃ効率的！,2134,16,1,0,2025-01-24T15:30:22+00:00,2025-11-24T13:21:16.967179+00:00,"In web design, there's no shortage of instantly attractive retouching. It used to be mainly Photoshop, but now I'm editing with Adobe Bridge's Camera Raw. This functionality is pretty much the same as Lightroom, so you can edit multiple things at once and write at a specified resolution and size at once, which is incredibly efficient!"
209,https://x.com/Rainmaker1973/status/1842829945212432479,Rainmaker1973,"Adobe's fully interactive digital dress, named ""Project Primrose"", woven with sequins that use liquid crystals to create miniature screens.

https://
x.com/i/status/18426
46313772732566/video/1
…",81363,237,41,40,2024-10-06T07:31:11+00:00,2025-11-24T13:21:16.967179+00:00,"Adobe's fully interactive digital dress, named ""Project Primrose"", woven with sequins that use liquid crystals to create miniature screens.

https://
x.com/i/status/18426
46313772732566/video/1
…"
210,https://x.com/icreatelife/status/1772659854387397031,icreatelife,"Good morning!   
I’m excited to share with you a new tool on Adobe Firefly website called Structure Reference. I spent whole weekend creating art with it and find this new feature the most inspiring for my art.

You can draw a form (or use a photo or your sketch) and reach",80389,343,63,41,2024-03-26T16:20:18+00:00,2025-11-24T13:21:16.967179+00:00,"Good morning!   
I’m excited to share with you a new tool on Adobe Firefly website called Structure Reference. I spent whole weekend creating art with it and find this new feature the most inspiring for my art.

You can draw a form (or use a photo or your sketch) and reach"
212,https://x.com/AdobeDesign/status/1582408709535588352,AdobeDesign,"Overlap and intersect shapes and text faster than ever with the new Intertwine tool in #AdobeIllustrator! Perfect for adding depth to your designs and giving them that extra wow-factor.
•
See what else is new for #AdobeMAX: 
https://
adobe.ly/Creative-Cloud
-Helps-You-Create-With-Precision
…",0,525,152,12,2022-10-18T16:30:10+00:00,2025-11-24T13:21:16.967179+00:00,"Overlap and intersect shapes and text faster than ever with the new Intertwine tool in #AdobeIllustrator! Perfect for adding depth to your designs and giving them that extra wow-factor.
•
See what else is new for #AdobeMAX: 
https://
adobe.ly/Creative-Cloud
-Helps-You-Create-With-Precision
…"
214,https://x.com/AdobeFresco/status/1176542174479036417,AdobeFresco,"One of #AdobeFresco’s fundamental strengths is the brushes. Along with 
@Photoshop
 brushes, there are new Live Brushes that recreate the experience of painting with oils or watercolors.

Learn how 
@kyletwebster
 helped create these brushes: 
https://
adobe.ly/2mRTBMw",0,161,66,1,2019-09-24T17:01:28+00:00,2025-11-24T13:21:16.967179+00:00,"One of #AdobeFresco’s fundamental strengths is the brushes. Along with 
@Photoshop
 brushes, there are new Live Brushes that recreate the experience of painting with oils or watercolors.

Learn how 
@kyletwebster
 helped create these brushes: 
https://
adobe.ly/2mRTBMw"
216,https://x.com/AdobeUK/status/982170252518674435,AdobeUK,"Photographer Flora Matayer uses gradients, colour mixers and the adjustment brush to turn Japan Bridge in Paris into a celebration of transparency and colour. Learn how with #LightroomStories: 
http://
adobe.ly/2E2Ifbe",0,167,25,4,2018-04-06T08:16:50+00:00,2025-11-24T13:21:16.967179+00:00,"Photographer Flora Matayer uses gradients, colour mixers and the adjustment brush to turn Japan Bridge in Paris into a celebration of transparency and colour. Learn how with #LightroomStories: 
http://
adobe.ly/2E2Ifbe"
218,https://x.com/naifshpoor2020/status/977958279505694722,naifshpoor2020,"برنامج خفيف ورائع جدا،يقوم بعرض الملفات PSD و Ai و JPG والكثير من الامتدادات على شكل مصغرات Thumbs
يغنيك عن برنامج Adobe Bridge
موجود على الرابط

https://
goo.gl/YDUM4D
ملاحظة: قوم بتغير حجم عرض الملفات من 10 إلى 1000 مثل ما هو مبين في الصورة المشار إليها باللون الاحمر

@DesMeet",0,158,37,3,2018-03-25T17:19:58+00:00,2025-11-24T13:21:16.967179+00:00,"It's a very nice, lightweight program that displays PSD, Ai, JPG files and many extensions in the form of thumbs songs about Adobe Bridge can be found on the link https://goo.gl/YDUM4D Note: change the size of the file display from 10 to 1000 as shown in the image indicated in red @DesMeet"
219,https://x.com/demianborba/status/973549096077352960,demianborba,"Yes! Our March update is out! And this is a big one! You can now open Sketch and Photoshop files in 
@AdobeXD
, to start prototyping right away, on both Mac and Windows!  See it in action with this great design by 
@JoAccord
.",0,165,66,11,2018-03-13T13:19:26+00:00,2025-11-24T13:21:16.967179+00:00,"Yes! Our March update is out! And this is a big one! You can now open Sketch and Photoshop files in 
@AdobeXD
, to start prototyping right away, on both Mac and Windows!  See it in action with this great design by 
@JoAccord
."
220,https://x.com/JonyIveParody/status/755830376178692101,JonyIveParody,"When 
@Adobe
 CC notifies you that there is an app update available, but the app turns out to be Bridge.",0,102,30,3,2016-07-20T18:22:58+00:00,2025-11-24T13:21:16.967179+00:00,"When 
@Adobe
 CC notifies you that there is an app update available, but the app turns out to be Bridge."
221,https://x.com/iamdevloper/status/529240990176264192,iamdevloper,Adobe are to release a new app to entertain you when you accidentally open Adobe Bridge.,0,162,130,4,2014-11-03T11:57:39+00:00,2025-11-24T13:21:16.967179+00:00,Adobe are to release a new app to entertain you when you accidentally open Adobe Bridge.
225,https://x.com/shram58393/status/1991445014552145967,shram58393,"The Adani Foundation Head Office organised an Adobe Learning Session led by Mr. Azher, Project Manager at Adobe. He introduced students and teachers of Shram Niketan School – Jamul to the creative tools of Adobe Express, inspiring them to explore digital expression.",39,0,0,0,2025-11-20T09:54:25+00:00,2025-11-24T13:20:47.190258+00:00,"The Adani Foundation Head Office organised an Adobe Learning Session led by Mr. Azher, Project Manager at Adobe. He introduced students and teachers of Shram Niketan School – Jamul to the creative tools of Adobe Express, inspiring them to explore digital expression."
227,https://x.com/AkoolInc/status/1991227574496743749,AkoolInc,"Akool x Adobe: A New Era of Creative Power Starts Now! 
We’re incredibly excited to announce that Akool is now integrated directly inside Adobe tools bringing our AI-powered creativity straight into your everyday workflow.

No switching tabs.
No exporting/importing.
Just seamless",7505,96,17,8,2025-11-19T19:30:23+00:00,2025-11-24T13:20:47.190258+00:00,"Akool x Adobe: A New Era of Creative Power Starts Now! 
We’re incredibly excited to announce that Akool is now integrated directly inside Adobe tools bringing our AI-powered creativity straight into your everyday workflow.

No switching tabs.
No exporting/importing.
Just seamless"
230,https://x.com/PhenexSFM2/status/1989508589229085122,PhenexSFM2,"“The Indomitable Heart.”
——————
Made in Blender 4.5, Rendered with Cycles and composited with Adobe Photoshop.
——————
The Primary Bridge of the UCM Indomitable never once stopped stirring.
——————
#Halo #HaloSpotlight",520,11,7,0,2025-11-15T01:39:45+00:00,2025-11-24T13:20:47.190258+00:00,"“The Indomitable Heart.”
——————
Made in Blender 4.5, Rendered with Cycles and composited with Adobe Photoshop.
——————
The Primary Bridge of the UCM Indomitable never once stopped stirring.
——————
#Halo #HaloSpotlight"
233,https://x.com/t_fukui/status/1987764736520487196,t_fukui,"あれ？ Bridge 2026ってアプリアイコンにフォルダのドラッグ＆ドロップできなくなってる？ フォルダの中身確認するのに、今までアイコンにポイしてたら開いてた気がするのだけど… 
#Adobe #Bridge",219,0,1,2,2025-11-10T06:10:18+00:00,2025-11-24T13:20:47.190258+00:00,Is that it? Bridge 2026 is no longer able to drag and drop folders on the application icon?
235,https://x.com/doronstudio/status/1981743787673022634,doronstudio,a new world of design. in partnership with adobe creative cloud :),25494,934,40,14,2025-10-24T15:25:12+00:00,2025-11-24T13:20:47.190258+00:00,a new world of design. in partnership with adobe creative cloud :)
239,https://x.com/baudinstudio/status/1960301270448627714,baudinstudio,simple tutorial in adobe for your project to work and grow,21160,315,32,3,2025-08-26T11:20:18+00:00,2025-11-24T13:20:47.190258+00:00,simple tutorial in adobe for your project to work and grow
242,https://x.com/Rainmaker1973/status/1715660715418120356,Rainmaker1973,"Adobe has unveiled its cutting-edge and fully interactive digital dress, named ""Project Primrose"", woven with sequins that use liquid crystals to create miniature screens",1281306,5677,894,309,2023-10-21T09:26:04+00:00,2025-11-24T13:20:47.190258+00:00,"Adobe has unveiled its cutting-edge and fully interactive digital dress, named ""Project Primrose"", woven with sequins that use liquid crystals to create miniature screens"
244,https://x.com/29mogmog/status/1054686497301979137,29mogmog,同人女のみんなたちにAdobe compをおすすめしたくて動画を作りました。線や四角を書くだけで簡単に図や文字がレイアウトできる無料アプリ。Adobe CCのアカウント（無償のでもOK）があれば使えるよ！作ったデザインはPDFに書き出せるからおしながきならこれだけで作れちゃいそうです。,0,25750,11201,6,2018-10-23T10:50:30+00:00,2025-11-24T13:20:47.190258+00:00,I wanted to make a video to recommend Adobe comp to you guys and girls. It's a free app that makes it easy to lay out pictures and letters just by typing lines and squares. You can use it if you have an Adobe CC account.
247,https://x.com/essej_rehceeb/status/1990320689006707161,essej_rehceeb,really love how adobe bridge crashes a million times more often ever since the v16 update . like genuinely i cant just close the program without it crashing,117,1,0,0,2025-11-17T07:26:45+00:00,2025-11-24T13:19:16.853743+00:00,really love how adobe bridge crashes a million times more often ever since the v16 update . like genuinely i cant just close the program without it crashing
249,https://x.com/AllaAisling/status/1986091383954829706,AllaAisling,"Veo 3.1 in Adobe Firefly Boards, image to video

Prompt: Steadicam shot circling two samurai poised on a rain-soaked bridge. Lanterns flicker in the wind; camera glides around them as blades ignite the stormlight.",5491,177,22,14,2025-11-05T15:21:00+00:00,2025-11-24T13:19:16.853743+00:00,"Veo 3.1 in Adobe Firefly Boards, image to video

Prompt: Steadicam shot circling two samurai poised on a rain-soaked bridge. Lanterns flicker in the wind; camera glides around them as blades ignite the stormlight."
