Tweet_Link,Author_Handle,Tweet_Content,Views,Likes,Retweets,Replies,Tweet_Creation_Date,Scraped_Date
https://x.com/Babaronn1330G/status/1990654123180765655,"Babaronn1330G","Adobeè£½å“ã®ä¸å…·åˆã¯ãƒãƒƒãƒˆãƒ¯ãƒ¼ã‚¯æ¥ç¶šã‚’åˆ‡ã‚Œã°å•é¡Œãªãå‹•ãã£ã½ã„ã‘ã©ã€ç¤¾å†…ã‚µãƒ¼ãƒï¼†ãƒãƒƒãƒˆãƒ¯ãƒ¼ã‚¯å…¥ã‚Œãªã‹ã£ãŸã‚Šã€airdropã§ãƒ‡ãƒ¼ã‚¿ã®ã‚„ã‚Šå–ã‚ŠãŒå‡ºæ¥ãªã‹ã£ãŸã‚Šã¨ä¸ä¾¿éãã‚‹â€¦
å¾©æ—§ã‚’ä½•ã¨ã‹ãŠé¡˜ã„ã—ãŸã„ã‚",330,0,0,0,2025-11-18T05:31:42+00:00,2025-11-24T13:22:46.857565+00:00
https://x.com/script_network/status/1939400115380211859,"script_network","Since announcing our Adobe Solutions Partnership last week, the effects are already visible:

â€¢ Script Network is now listed globally in Adobeâ€™s official Solutions Directory â€” giving us immediate visibility to thousands of verified agencies and enterprise users.
â€¢ Weâ€™ve begun",8171,172,16,28,2025-06-29T19:06:34+00:00,2025-11-24T13:22:46.857565+00:00
https://x.com/erdyart/status/1706666227316531432,"erdyart","à¸–à¹‰à¸²à¹ƒà¸Šà¹‰ adobe à¹à¸šà¸šà¸–à¸¹à¸à¸•à¹‰à¸­à¸‡ à¸ˆà¸°à¹„à¸”à¹‰ domain à¸ˆà¸²à¸ 
http://
myportfolio.com à¹€à¸Šà¸·à¹ˆà¸­à¸¡à¸à¸±à¸šà¸à¸­à¸£à¹Œà¸—à¹ƒà¸™ Behance à¹€à¸¥à¸¢à¸”à¹‰à¸§à¸¢ à¹ƒà¸Šà¹‰à¹€à¸›à¹‡à¸™à¹€à¸§à¹‡à¸š official à¸ªà¹ˆà¸‡à¸¥à¸¹à¸à¸„à¹‰à¸²à¹„à¸”à¹‰à¹€à¸¥à¸¢ à¸‚à¹‰à¸­à¸”à¸µà¸„à¸·à¸­ à¸‡à¸²à¸™à¸ˆà¸°à¸‹à¸´à¸‡à¸„à¹Œà¸à¸±à¸š Behance à¸„à¸·à¸­à¸­à¸±à¸à¸—à¸µà¹ˆà¹€à¸”à¸µà¸¢à¸§à¸¡à¸²à¸‚à¸¶à¹‰à¸™à¸šà¸™à¹€à¸§à¹‡à¸šà¸™à¸µà¹‰à¸”à¹‰à¸§à¸¢+à¹à¸•à¹ˆà¸‡à¸«à¸™à¹‰à¸²à¹€à¸§à¹‡à¸šà¹„à¸”à¹‰à¸™à¸´à¸”à¸«à¸™à¹ˆà¸­à¸¢ à¹€à¸„à¸¢à¹ƒà¸Šà¹‰à¸Šà¹ˆà¸§à¸‡à¸™à¸¶à¸‡à¸à¹ˆà¸­à¸™à¸ˆà¸°à¹€à¸£à¸´à¹ˆà¸¡à¸¡à¸µà¸•à¸±à¸‡à¸ˆà¸”à¹‚à¸”à¹€à¸¡à¸™à¸‚à¸­à¸‡à¸•à¸±à¸§à¹€à¸­à¸‡",111591,565,622,5,2023-09-26T13:45:11+00:00,2025-11-24T13:22:46.857565+00:00
https://x.com/Thafnine/status/1628434597154357249,"Thafnine","adobe after effects is a digital visual effects, motion graphics and compositing application developed by adobe inc.",12227,250,11,7,2023-02-22T16:40:37+00:00,2025-11-24T13:22:46.857565+00:00
https://x.com/AdobeVideo/status/1039863528138715136,"AdobeVideo","At IBC 2018, Adobe is revealing the next major releases of the Adobe video and audio tools, including new features and enhancements: 
https://
adobe.ly/2x6iHZr

#IBC2018 | #PremierePro",0,189,62,4,2018-09-12T13:09:19+00:00,2025-11-24T13:22:46.857565+00:00
https://x.com/AdobeXD/status/930435413625339904,"AdobeXD","We just rolled out Layout Grid, Design Specs (Beta), JPG export, and more in #AdobeXD. More on what's new: 
https://
adobe.ly/2hzx44H",0,366,169,33,2017-11-14T14:01:03+00:00,2025-11-24T13:22:46.857565+00:00
https://x.com/AdobeDesign/status/897306883156877313,"AdobeDesign","From sketch to digital to mural, check out how this community art project came to life: 
https://
adobe.ly/2uWYK46",0,233,66,2,2017-08-15T04:00:06+00:00,2025-11-24T13:22:46.857565+00:00
https://x.com/Photoshop/status/662367236913389568,"Photoshop","Project Comet, Adobe's complete solution for designing & prototyping modern UX is coming. 
http://
adobe.ly/1Mseopt",0,162,98,2,2015-11-05T20:33:50+00:00,2025-11-24T13:22:46.857565+00:00
https://x.com/sadloserfaggot/status/1992747496540627192,"sadloserfaggot","The adobe suite is entirely superseded davinci resolve and affinity, both of which are free. The former runs natively on linux and the latter is one specific wine install away",46,0,0,0,2025-11-24T00:10:01+00:00,2025-11-24T13:22:16.953093+00:00
https://x.com/Misaki_Akatsuki/status/1992469749855605042,"Misaki_Akatsuki","è²·ã†ã‹è¿·ã£ã¦ã‚‹ã€‚æ¥å¹´ã«ãªã‚Œã°ã‚¹ã‚¿ãƒ³ãƒ€ãƒ¼ãƒ‰ãƒ—ãƒ©ãƒ³ã‚‚å‰²å¼•ã—ãã†ã ã—ãªãâ€¦

Adobe Creative Cloud PRODLç‰ˆ [Windowsï¼†Macã‚½ãƒ•ãƒˆ ãƒ€ã‚¦ãƒ³ãƒ­ãƒ¼ãƒ‰ç‰ˆ è²©å£²æœŸé–“é™å®šï¼š2025å¹´11æœˆ28æ—¥ï¼ˆé‡‘ï¼‰ã¾ã§]

https://
yodobashi.com/product/100000
086580113744/
â€¦",252,0,0,0,2025-11-23T05:46:21+00:00,2025-11-24T13:22:16.953093+00:00
https://x.com/Lawokeke_dev/status/1992273269052080616,"Lawokeke_dev","2. Adobe Firefly
Link

https://
adobe.com/ie/products/fi
refly.html
â€¦
A polished workspace for illustrations, product images and clean graphics.
Great for students, beginners and anyone who needs fast, reliable results.",21,0,0,1,2025-11-22T16:45:36+00:00,2025-11-24T13:22:16.953093+00:00
https://x.com/pranav_cool/status/1992119779063390465,"pranav_cool","Adventure Adobe à¤¬à¤¸ à¤†à¤¨à¥‡ à¤¹à¥€ à¤µà¤¾à¤²à¤¾ à¤¹à¥ˆâ€”à¤œà¤¹à¤¾à¤ à¤°à¥‹à¤®à¤¾à¤‚à¤š à¤”à¤° à¤ªà¥à¤°à¤•à¥ƒà¤¤à¤¿ à¤®à¤¿à¤²à¥‡à¤‚à¤—à¥‡ à¤à¤• à¤¸à¤¾à¤¥!
 à¤—à¥à¤²à¤¾à¤¸ à¤¬à¥à¤°à¤¿à¤œ à¤¸à¥‡ à¤•à¥ˆà¤®à¥‚à¤° à¤•à¥€ à¤˜à¤¾à¤Ÿà¤¿à¤¯à¥‹à¤‚ à¤•à¤¾ breath-taking à¤µà¥à¤¯à¥‚
 100 à¤®à¥€à¤Ÿà¤° à¤¸à¤¸à¥à¤ªà¥‡à¤‚à¤¶à¤¨ à¤¬à¥à¤°à¤¿à¤œ à¤•à¤¾ à¤¦à¤¿à¤²-à¤§à¤¡à¤¼à¤•à¤¾à¤¨à¥‡ à¤µà¤¾à¤²à¤¾ thrill

à¤•à¥ˆà¤®à¥‚à¤° à¤•à¥€ à¤µà¤¾à¤¦à¤¿à¤¯à¥‹à¤‚ à¤®à¥‡à¤‚ à¤¬à¤¿à¤¹à¤¾à¤° à¤•à¤¾ à¤¸à¤¬à¤¸à¥‡ à¤¬à¤¡à¤¼à¤¾ tourism attraction à¤¤à¥ˆà¤¯à¤¾à¤° à¤¹à¥ˆ! 
#Bihar #BiharTourism",63,2,0,0,2025-11-22T06:35:41+00:00,2025-11-24T13:22:16.953093+00:00
https://x.com/kuragebrain/status/1992112433083937077,"kuragebrain","æˆæ¥­ã§ç”Ÿå¾’ã¨ä¸€ç·’ã«ä½œã£ãŸãƒ¢ãƒƒã‚¯ã‚¢ãƒƒãƒ—ã€‚
Illustratorãƒ¯ãƒ³ã‚¯ãƒªãƒƒã‚¯ã§è£½å“ã®ã‚·ã‚§ã‚¤ãƒ—ã‚’æ¤œå‡ºã—ã¦ãã‚Œã¦ã€ã‚«ãƒ¼ãƒ–ã«æ²¿ã£ã¦è‡ªç„¶ãªå½¢ã§ãƒ­ã‚´ã®é…ç½®ã‚’ã‚·ãƒŸãƒ¥ãƒ¬ãƒ¼ã‚·ãƒ§ãƒ³ã§ãã‚‹

ãã‚“ãªAdobeã®ã‚³ãƒ³ãƒ—ãƒªãƒ¼ãƒˆãƒ—ãƒ©ãƒ³ãŒ11/28ã¾ã§50ï¼…ã‚»ãƒ¼ãƒ«ã‚„ã£ã¦ã‚‹ã®ã§1å¹´åˆ†è²·ã„ã¾ã—ãŸã‚ˆ

https://
amzn.to/4pomLwD",231,0,0,0,2025-11-22T06:06:30+00:00,2025-11-24T13:22:16.953093+00:00
https://x.com/PitmanWorks/status/1991929607415836769,"PitmanWorks","If you want to create stunning visuals for print, web, & social media, the Adobe Creative Cloud Award is the perfect way to upskill

 Adobe Photoshop â€“edit & enhance images
 Adobe Illustrator â€“ create vector graphics
 Adobe InDesign â€“ design layouts


https://
pitman-training.ie/our-courses/ad
obe-creative-cloud-award/
â€¦",43,0,0,0,2025-11-21T18:00:01+00:00,2025-11-24T13:22:16.953093+00:00
https://x.com/IanCharlebois/status/1991601844079169555,"IanCharlebois","We went adobe can do e sign + edit pdf + video edit same cost so value x 3 imo",42,0,0,0,2025-11-20T20:17:36+00:00,2025-11-24T13:22:16.953093+00:00
https://x.com/adobedevs/status/1991544905982742612,"adobedevs","The Code Format 
@AdobeExpress
 add-on lets you produce a syntax-highlighted image of your code to use in your design by pasting in source code from any programming language. Multiple dark  and light  themes.  
https://
adobe.ly/43jmuTi",182,1,0,0,2025-11-20T16:31:21+00:00,2025-11-24T13:22:16.953093+00:00
https://x.com/screensourced/status/1991532575186202735,"screensourced","Rideback RISE and Highways Lab partner with Adobe to boost filmmaker careers. #filmmaking",10,0,0,0,2025-11-20T15:42:21+00:00,2025-11-24T13:22:16.953093+00:00
https://x.com/MitsukaHizakura/status/1991511464658760077,"MitsukaHizakura","Adobe Expressã‚’PCãƒ–ãƒ©ã‚¦ã‚¶ã§æ“ä½œã—ã¦ã€ã‚ˆã†ã‚„ãå…¨ä½“åƒãŒã‚ã‹ã£ãŸã€‚ã‚¹ãƒãƒ›ã§ä½œæ¥­ã™ã‚‹ã¨ã‚ˆãã‚ã‹ã‚‰ãªã‹ã£ãŸã®ã‚ˆâ€¦ã€‚
ã‚ªãƒªã‚¸ãƒŠãƒ«ãƒ†ãƒ³ãƒ—ãƒ¬ãƒ¼ãƒˆã‚’ä½œæˆã—ãŸã®ã§ã€ä»Šåº¦ã‹ã‚‰ã‚¤ãƒ³ã‚¹ã‚¿ã®ãƒªãƒ¼ãƒ«ç”»åƒã¯ã‚µã‚¯ãƒƒã¨ã§ããã†ã€‚ã‚¯ãƒ©ã‚¦ãƒ‰ä¿å­˜ã•ã‚Œã¦ã‚‹ã‹ã‚‰ã€ä½¿ã„å›ã—ã¯æ¥½ã‹ãªã€‚",150,1,0,0,2025-11-20T14:18:28+00:00,2025-11-24T13:22:16.953093+00:00
https://x.com/grok/status/1991256622954688835,"grok","Ahoj! OdpovÃ­m po bodech:

1a) Adobe Firefly je skvÄ›lÃ¡ volba pro pokroÄilÃ© edity, ale s Grokem mÅ¯Å¾eme pokraÄovat v promptovÃ¡nÃ­ a generovÃ¡nÃ­ zÃ¡kladÅ¯ zdarma.

1b) Ano, duÃ¡lnÄ›: skici na iPadu (omezenÃ© funkce), dokonÄenÃ­ na MacBooku â€“ vÅ¡e pod jednÃ­m ÃºÄtem.

1c) PÅ™edplatnÃ© Adobe",46,0,0,1,2025-11-19T21:25:49+00:00,2025-11-24T13:22:16.953093+00:00
https://x.com/Mikey_Fritz_ZF/status/1991182261471850802,"Mikey_Fritz_ZF","Adobe fÃ¤llt und fÃ¤llt und fÃ¤llt. Das resultiert jedoch nicht aus dem operativen GeschÃ¤ft, das stark ist. Es ist die Ãœberbewertung, die die BÃ¶rse immer noch abbaut. Die Baisse kann allerdings schnell enden. Unsere Empfehlung: 
#Aktien #BÃ¶rse #ZF $ADBE",101,3,0,0,2025-11-19T16:30:20+00:00,2025-11-24T13:22:16.953093+00:00
https://x.com/LiveSquawk/status/1991118975149973940,"LiveSquawk","$ADBE | Adobe Nears $1.9 Bln Deal For Software Provider Semrush - 
@WSJ",7315,6,1,0,2025-11-19T12:18:51+00:00,2025-11-24T13:22:16.953093+00:00
https://x.com/king_of_goffi/status/1990984164435505525,"king_of_goffi","https://
amzn.to/4oRbwgv
amazonãƒ–ãƒ©ãƒƒã‚¯ãƒ•ãƒ©ã‚¤ãƒ‡ãƒ¼ã®ãƒ—ãƒ¬ã‚»ãƒ¼ãƒ«ã§adobe Creative Cloud ProãŒåŠé¡ã«ãªã£ã¦ã‚‹ã‚„ã‚“ã‘ï¼
æ­£è¦ã§è²·ã†ã‚ˆã‚Š5ä¸‡å††ã‚‚å®‰ã„ã®ã§ç´ æ•µãªå†™çœŸæ’®ã£ãŸã‚Šç´ æ•µãªã‚¤ãƒ©ã‚¹ãƒˆæã‹ã‚Œã‚‹æ–¹ã«å±Šã„ã¦ãã‚Œã€œï¼",630,2,0,0,2025-11-19T03:23:10+00:00,2025-11-24T13:22:16.953093+00:00
https://x.com/WbolanosCo/status/1990928425884729831,"WbolanosCo","compra tu licencia  Adobe, con descuentos especiales, no te pierdas el Black Friday desde ahora!!!  

https://
wbolanos.co/2025/11/adobe-
black-friday-aprovecha-y-adquiere.html
â€¦",182,0,0,0,2025-11-18T23:41:41+00:00,2025-11-24T13:22:16.953093+00:00
https://x.com/deltaYUN/status/1990900282440536259,"deltaYUN","it might go on sale again for black friday... But yeah, paid version is a huge steal, $300 for a lifetime license when adobe makes you pay yearly",184,2,0,0,2025-11-18T21:49:51+00:00,2025-11-24T13:22:16.953093+00:00
https://x.com/Preda2005/status/1990858121271783458,"Preda2005","Absolutely  and thatâ€™s exactly why I love using Adobe Firefly.
Itâ€™s a real amusement park for creators: you can mix images, videos, styles, and assets from dozens of different tools and companiesâ€¦ and everything blends like pure pixel magic. 
Each model has its",66,2,0,2,2025-11-18T19:02:19+00:00,2025-11-24T13:22:16.953093+00:00
https://x.com/tomogun/status/1990753432966476233,"tomogun","ã‚«ãƒ¡ãƒ©ãƒãƒ³ã•ã‚“ã‹ã‚‰Adobeã‚‚ã†å¾©æ—§ã—ãŸã¨ã®å£°ãŒã€‚ã©ã†ãªã‚“ã ã‚ã€‚ç¢ºã‹ã«å‡ºæ¥ã¦ãªã‹ã£ãŸRAWç¾åƒãŒä½¿ãˆã‚‹ã‚ˆã†ã«ãªã£ãŸï¼ˆBridge2026ï¼‰",180,3,0,0,2025-11-18T12:06:19+00:00,2025-11-24T13:22:16.953093+00:00
https://x.com/kusakabe/status/1990737022785409228,"kusakabe","ç¾åœ¨ Adobe å…¬å¼ã¨ Amazon ã§ Pro ã®ã¿åŠé¡ã‚»ãƒ¼ãƒ«ã‚’ã—ã¦ã„ã‚‹ã¨ã„ã†çŠ¶æ³ã ã£ãŸã€‚å¤šãã®ãƒ¢ãƒã‚¤ãƒ«ã‚¢ãƒ—ãƒªã‚‚ Firefly ã‚‚ä½¿ã‚ãªã„ãªã‚‰ Standard ã§ååˆ†ãªã®ã«ä¾¡æ ¼é¢ã§ Pro ã®æ–¹ãŒå®‰ã„ã¨ã„ã†æœ‰æ§˜ã€‚ã“ã‚Œã¯ Standard ã®å®‰å£²ã‚Šã¯ã—ãªã„ã‹ã‚‚ãªã€‚",2891,0,0,1,2025-11-18T11:01:06+00:00,2025-11-24T13:22:16.953093+00:00
https://x.com/urbansoul/status/1990586818920903149,"urbansoul","èª°ã‹ãŒã¤ã¶ã‚„ã„ãŸâ€¦
ã€ŒDaVinci Resolveã€ãªã‚‰ã“ã‚“ãªã“ã¨ã«ãªã‚‰ãªã„ã‚ˆã­

ã¨ã„ã†ã®ã¯ã•ã¦ãŠã
Wifiã‚’åˆ‡ã‚‹ã‹ã€Creative Cloud ãƒ‡ã‚¹ã‚¯ãƒˆãƒƒãƒ—ã‚¢ãƒ—ãƒªã®ãƒãƒ¼ã‚¸ãƒ§ãƒ³ã‚’ä¸‹ã’ã¾ã—ã‚‡ã†

èµ·å‹•å¾Œã€ãƒãƒƒãƒˆæ¥ç¶šã§ä½¿ãˆã¦ã‚‹ã¨ã®ã“ã¨ã€‚

#adobe",507,2,1,0,2025-11-18T01:04:15+00:00,2025-11-24T13:22:16.953093+00:00
https://x.com/akatamagoo/status/1990575537723671020,"akatamagoo","Adobeè£½å“ã®æŒ™å‹•ãŒãŠã‹ã—ã„ã€‚

InDesignã€Illustratorã€Photoshopä»–

å…¨ã¦ã®ãƒãƒ¼ã‚¸ãƒ§ãƒ³ã§ç·¨é›†ã«ã‚‚ãŸã¤ãã‚ã‚Šã€‚cloudå•é¡Œã®æ§˜ã§ãƒãƒƒãƒˆãƒ¯ãƒ¼ã‚¯ã‚’åˆ‡ã‚Œã°ä½œæ¥­ã§ãã¾ã™ãŒã‚¹ãƒˆãƒ¬ã‚¹ã§ã™ã€‚",571,1,1,1,2025-11-18T00:19:25+00:00,2025-11-24T13:22:16.953093+00:00
https://x.com/carolletta/status/1990537796411445260,"carolletta","Try Adobe Firefly and Adobe Express:

â€¢Brainstorm your concept in Adobe Firefly Boards
â€¢Generate an images and videos fast
â€¢Add studio-quality music, voiceovers, and sound effects
â€¢Move to Adobe Express for quick video promo creation
â€¢Chose from any template and amend to",253,2,0,0,2025-11-17T21:49:27+00:00,2025-11-24T13:22:16.953093+00:00
https://x.com/HTCWebSolutions/status/1990420429433942043,"HTCWebSolutions","For decades, Adobe's software tools have been the universal language of visual communication. As #AI transforms the nature of work and productivity, #Adobe is reinventing itself once again.


https://
fastcompany.com/91438448/adobe
-ai-barbie-coach-design
â€¦
#artificialintelligence #design #creative",91,1,0,0,2025-11-17T14:03:05+00:00,2025-11-24T13:22:16.953093+00:00
https://x.com/basasi_1/status/1988901946799849554,"basasi_1","ãªãœAdobeã®ãƒ‡ãƒ¼ã‚¿ã¯Bridgeã‚’ä½¿ã‚ãªã„ã¨ã‚µãƒ ãƒã‚¤ãƒ«ãŒè¦‹ãˆãªã„ã®ã‹ï¼ï¼Ÿ
ç§ã¯å˜èº«ã§ã‚¤ãƒ³ãƒ‰ã®å¥¥åœ°ã¸ã¨å‘ã‹ã£ãŸã€‚
èª¿æŸ»ã®çµæœã€æ‘ã®é•·ã«ã‚ˆã‚‹ã¨ã€Œà¤—à¤¾à¤‚à¤µ à¤•à¤¾ à¤‰à¤ªà¤¯à¥‹à¤— à¤•à¤°à¤•à¥‡ à¤µà¥‡ à¤²à¥‹à¤—à¥‹à¤‚ à¤•à¥‹ à¤¸à¤®à¥à¤ªà¥‚à¤°à¥à¤£ à¤¯à¥‹à¤œà¤¨à¤¾ à¤•à¥€ à¤“à¤° à¤²à¥‡ à¤œà¤¾ à¤°à¤¹à¥‡ à¤¹à¥ˆà¤‚à¥¤ã€ã¨èªã£ãŸã€‚
ç§ã¯ç´å¾—ã—ã€å³æ‰‹ã§ç¡¬ã„æ¡æ‰‹ã‚’äº¤ã‚ã—ã€ã‚«ãƒ¬ãƒ¼ã‚’é£Ÿã¹ãƒ¨ã‚¬ã‚’ã—ã¦å¸°å›½ã—ãŸã€‚",162,4,0,0,2025-11-13T09:29:10+00:00,2025-11-24T13:22:16.953093+00:00
https://x.com/BitgetIndia/status/1987452426836955293,"BitgetIndia","Bitget welcomes 
@ignaciobitget
 as our new CMO â€” leading the evolution of the Universal Exchange (UEX).

With 15+ years at Adobe, SAP & Xapo Bank, heâ€™ll drive our mission to bridge CeFi, DeFi & TradFi into one ecosystem #UEX. 

 Read more: 
https://
bitget.site/blog/articles/
bitget-appoints-ignacio-aguirre-franco-cmo-uex
â€¦",2314,31,4,12,2025-11-09T09:29:18+00:00,2025-11-24T13:22:16.953093+00:00
https://x.com/DIAdata_org/status/1986486259704033308,"DIAdata_org","New RWA feed: $ADBE/USD


@Adobe
 is a leader in creative software with products including Photoshop, Illustrator, and Acrobat, serving millions of creators and enterprises worldwide.

The Adobe stock feed can now be integrated into any DeFi dApp.

Feed: 
https://
diadata.org/app/rwa/ADBE/",10001,204,52,7,2025-11-06T17:30:06+00:00,2025-11-24T13:22:16.953093+00:00
https://x.com/nobuhiron/status/1980978271824339386,"nobuhiron","å†™çœŸã®ç¾åƒã€Adobe Bridgeã§2å‰²ç¨‹åº¦ã‚’é¸åˆ¥â†’ã‚µã‚¯ã‚µã‚¯ã£ã¨Affinity Photoã§ç¾åƒ+A4ã‚µã‚¤ã‚ºï¼ˆã“ã‚Œã¯ç§ã®å¥½ã¿ã§ãã†ã—ã¦ã¾ã™ï¼‰ã«ã‚µã‚¤ã‚ºã‚’åˆ‡ã‚ŠæŠœã„ã¦WebUPã€ã¨ã„ã†æµã‚ŒãŒæ¯”è¼ƒçš„ä¸Šæ‰‹ãè¡Œã£ãŸã€‚",137,1,0,0,2025-10-22T12:43:19+00:00,2025-11-24T13:22:16.953093+00:00
https://x.com/MASAHERO_photo/status/1980114875163820128,"MASAHERO_photo","Adobe bridge æœ€è¿‘ãƒ•ãƒªãƒ¼ã‚ºã™ã‚‹12000æšã‚’ãƒãƒƒãƒã§ãƒªãƒãƒ¼ãƒ ã—ã‚ˆã†ã¨å…¨é¸æŠè‚¢å³ã‚¯ãƒªãƒƒã‚¯ã§ãƒ¬ã‚¤ãƒ³ãƒœãƒ¼ã‚«ãƒ¼ã‚½ãƒ«ãã‚‹ãã‚‹",173,1,0,1,2025-10-20T03:32:29+00:00,2025-11-24T13:22:16.953093+00:00
https://x.com/ripjyr/status/1979864850684907615,"ripjyr","Security Updates Available for Adobe Bridge | APSB25-96ï¼šAdobe Security Bulletin 
â†’ 
https://
helpx.adobe.com/security/produ
cts/bridge/apsb25-96.html
â€¦",445,1,0,0,2025-10-19T10:58:59+00:00,2025-11-24T13:22:16.953093+00:00
https://x.com/MoosePeterson/status/1979276387635679399,"MoosePeterson","Workflow '25 
https://
wp.me/p6YJx-iAl I'm a bit behind getting this posted. It outlines the process of going from camera to computer, 
@PhotoMechanic
 to 
@Adobe
 Bridge to client. 
@BedfordCamera
 @NikoknUSA #NikonAmbassador",312,6,0,0,2025-10-17T20:00:38+00:00,2025-11-24T13:22:16.953093+00:00
https://x.com/ArcGISApps/status/1967982247740403798,"ArcGISApps","#ArcGIS Maps for Adobe Creative Cloud is a bridge that connects #Esri's powerful mapping capabilities with #Adobe Illustrator. Experience what's possible with a curated series of tutorials to get started: 
https://
ow.ly/v9m450WWaiv",219,1,0,0,2025-09-16T16:01:45+00:00,2025-11-24T13:22:16.953093+00:00
https://x.com/sato_atsu/status/1967102593450340519,"sato_atsu","é›»æºè½ã¡ã¦ã‹ã‚‰Adobe BridgeãŒãƒãƒƒã‚¯ã‚°ãƒ©ã‚¦ãƒ³ãƒ‰ã§ã—ã‹èµ·å‹•ã—ãªãã¦å›°ã£ã¦ãŸã‘ã©ã€Ctrl+Shift+AltæŠ¼ã—ãªãŒã‚‰èµ·å‹•ã§ã‚­ãƒ£ãƒƒã‚·ãƒ¥é¡å…¨éƒ¨åˆæœŸåŒ–ã—ãŸã‚‰æ²»ã£ãŸ",142,1,0,0,2025-09-14T05:46:19+00:00,2025-11-24T13:22:16.953093+00:00
https://x.com/heartof_thesea/status/1963677380049801633,"heartof_thesea","adobe market cap down 40% from 236B to 145B over 5 years during which time gross profit is up 80% and free cash flow doubled. $ADBE",139191,1188,61,82,2025-09-04T18:55:45+00:00,2025-11-24T13:22:16.953093+00:00
https://x.com/akiko_2024_0401/status/1962871799416541620,"akiko_2024_0401","å¤§é‡ã®å†™çœŸã‹ã‚‰ä¸€éƒ¨ã®å†™çœŸã‚’é¸å®šã™ã‚‹ä½œæ¥­ãŒè¾›ã™ãã¦
å†™çœŸæ’®å½±æ§ãˆæ°—å‘³ã«ã—ã¦ã„ãŸã®ã§ã™ãŒ

Adobe Bridgeãªã‚‹ã‚¢ãƒ—ãƒªã§ã‚µã‚¯ã‚µã‚¯è‰¯ã„å†™çœŸã‚’é¸å®šã—ã¦
Lightroomã§ãƒ¬ã‚¿ãƒƒãƒã‚’ã™ã‚Œã°
åŠ¹ç‡æœ€é«˜ã¨ã„ã†ã“ã¨ã‚’ä»Šæ—¥çŸ¥ã£ã¦
ã¾ãŸå¤§é‡ã«å†™çœŸæ’®ã‚ŠãŸããªã£ã¦ããŸã",366,12,0,0,2025-09-02T13:34:40+00:00,2025-11-24T13:22:16.953093+00:00
https://x.com/203mmG/status/1962599200107151459,"203mmG","ãˆï¼Ÿï¼Ÿï¼Ÿï¼Ÿ
Adobe Bridgeã®ãƒ©ãƒ™ãƒ«(5è‰²)ã£ã¦Lightroomã®ãƒ©ãƒ™ãƒ«(5è‰²)ã¨äº’æ›æ€§ãªã„ã®ï¼ï¼Ÿ

Bridgeã‹ã‚‰ã¿ã‚‹ã¨Lightroomã®ãƒ¬ãƒƒãƒ‰ãƒ©ãƒ™ãƒ«ã¯ã€Œãƒ¬ãƒƒãƒ‰ã€ã¨ã„ã†åå‰ã®ï¼–è‰²ç›®ã®ãƒ©ãƒ™ãƒ«ã¨è¦‹ãˆã¦ã‚‹ï½—ï½—ï½—",113,0,0,1,2025-09-01T19:31:27+00:00,2025-11-24T13:22:16.953093+00:00
https://x.com/Chiemi_design25/status/1956285871381958660,"Chiemi_design25","ã€ŒãƒãƒŠãƒ¼ãƒ‡ã‚¶ã‚¤ãƒ³ã®ã‚µã‚¤ã‚ºå±•é–‹ã€ã€Œåˆ¶ä½œã—ãŸã‚‚ã®ã‚’å…±æœ‰ã€ã‚’è¦–è´
ç¸¦é•·ãƒ»æ¨ªé•·ãªã©ã®ãƒªã‚µã‚¤ã‚ºæ™‚ã®æ³¨æ„ç‚¹ãŒã‚ˆãç†è§£ã§ãã¾ã—ãŸ
ã¾ãŸã€Adobe Bridgeã®ä½¿ã„æ–¹ã‚’åˆã‚ã¦çŸ¥ã£ãŸã®ã§ã€ã“ã‚Œã‹ã‚‰æ´»ç”¨ã—ã¦åŠ¹ç‡çš„ã«å…±æœ‰ã—ã¦ã„ããŸã„ã¨æ€ã„ã¾ã™ï¼
#ã‚¢ãƒ‰ãƒ“ã‚¯ãƒªã‚¨ã‚¤ãƒ†ã‚£ãƒ–ã‚«ãƒ¬ãƒƒã‚¸",342,11,0,0,2025-08-15T09:24:32+00:00,2025-11-24T13:22:16.953093+00:00
https://x.com/siggraph/status/1954951065448636593,"siggraph"," Dive into Educatorâ€™s Day at #SIGGRAPH2025! Today, explore inspiring sessions designed to empower teachers and leaders in digital arts and tech education. From Adobeâ€™s 3D Creative Career Bridge to MetaHumans in Unreal Engine and AI tools for the classroom, thereâ€™s something to",1038,3,1,0,2025-08-11T17:00:29+00:00,2025-11-24T13:22:16.953093+00:00
https://x.com/anno_in_vrc/status/1954877633612992899,"anno_in_vrc","ã¶ã„ã¡ã‚ƒã®å†™çœŸã‚’NASã«ç§»è¡Œã—ã¦ã‚‹ã‚“ã ã‘ã©ã€Adobe Bridgeã ã¨NASä¸Šã®ç”»åƒã¯èª­ã¿è¾¼ã¿ã§ããªãã¦ã€ç”»åƒç®¡ç†ã‚½ãƒ•ãƒˆã‚’æ–°ã—ãæ¢ã™å¿…è¦ãŒã‚ã‚‹ã¿ãŸã„ã€‚ã ã‚Œã‹ãŠã™ã™ã‚ã‚ã‚Šã¾ã™ã‹â€¦â€¦ï¼Ÿ",279,2,0,0,2025-08-11T12:08:42+00:00,2025-11-24T13:22:16.953093+00:00
https://x.com/0xCygaar/status/1953577317504365040,"0xCygaar","A friendly reminder that we built our own bridge to make it stupid easy to bridge into Abstract in just a couple clicks.

Go check it out if you haven't already (link below)",53471,772,107,158,2025-08-07T22:01:42+00:00,2025-11-24T13:22:16.953093+00:00
https://x.com/Photo_Saga_T/status/1940003028012040339,"Photo_Saga_T","adobeã®BridgeãŒã‚¯ãƒ©ãƒƒã‚·ãƒ¥å¤šç™ºãªã‚“ã ã‘ã©å¯¾å‡¦æ–¹ãŒã‚ã‹ã‚‰ã‚“â€¦",181,3,0,0,2025-07-01T11:02:20+00:00,2025-11-24T13:22:16.953093+00:00
https://x.com/FullHarbor/status/1938728125372023097,"FullHarbor","Sorry Adobe Bridge... I did not mean to open you. 

That was just my bi-annual ""accidental keyboard shortcut"" mix up.",431,11,0,0,2025-06-27T22:36:19+00:00,2025-11-24T13:22:16.953093+00:00
https://x.com/Sugar_T2O/status/1938041628670980561,"Sugar_T2O","Bridgeã®ã‚¿ã‚¤ãƒˆãƒ«ãƒãƒ¼
1æšç›® 2024ã€€ãƒ¦ãƒ¼ã‚¶ãƒ¼å - Adobe Bridge
2æšç›® 2025ã€€PDF - Adobe Bridge
PDFã£ã¦ä½•ï¼Ÿ",108,1,0,0,2025-06-26T01:08:26+00:00,2025-11-24T13:22:16.953093+00:00
https://x.com/script_network/status/1936137865190162578,"script_network","MAJOR ANNOUNCEMENT

Adobe Selects Script Network As a Solutions Partner - the first blockchain-native company to achieve this

 Official Adobe listing:

https://
partners.adobe.com/s/directory/so
lution/script%20technologies
â€¦

Hereâ€™s what this means:
â€” Exclusive integrations with Premiere Pro, After Effects, and more
â€” A",34414,378,53,76,2025-06-20T19:03:33+00:00,2025-11-24T13:22:16.953093+00:00
https://x.com/cthulhudune/status/1935233160406827163,"cthulhudune","Adobe Bridgeã£ã¦ç„¡æ–™ã§ä½¿ãˆã‚‹ã®ã­ã€‚ã§ã‚‚ã€Mac mini 2014ã ã¨é‡ã„ã‚“ã ã‚ˆãªã€œãªãœã‹ãƒ—ãƒ¬ãƒ“ãƒ¥ãƒ¼ãŒè¡¨ç¤ºã•ã‚Œãªã„å‹•ç”»ã‚‚ãŸãã•ã‚“ã‚ã‚‹ã—ã¨ã€Pixeaã‚’Plusç‰ˆã«ã—ãŸã€‚1ãƒ©ã‚¤ã‚»ãƒ³ã‚¹2,000å††ã ã‘ã©ã€ã¾ã‚ã„ã„ã‹ãªã€‚GraphicConverterã£ã¦ä»Šã©ã†ãªã®ã¨æ€ã£ãŸã‚‰ã€6,000å††ãªã®ã‹ã€‚æ˜”ã¯ã‚ˆããŠä¸–è©±ã«ãªã£ãŸãªãã€‚",219,0,0,0,2025-06-18T07:08:34+00:00,2025-11-24T13:22:16.953093+00:00
https://x.com/keiphotostudio/status/1933365591089557789,"keiphotostudio","Adobe Bridgeã§ä½œæ¥­ã—ã¦ã‚‹ã¨å‹•ããŒãŠã‹ã—ã„ã€‚ã€‚ã€‚
ãƒ©ãƒ™ãƒ«ã‚’ã¤ã‘ã‚‹ã¨ç”»åƒãŒã‚¹ã‚¯ãƒ­ãƒ¼ãƒ«ã—ã¦ã—ã¾ã†ã€‚ã€‚

ãƒ•ãƒ«ãƒ‡ã‚£ã‚¹ã‚¯ã«ã—ã¦ã‚‚ã€ç’°å¢ƒãƒªã‚»ãƒƒãƒˆã‚‚åŠ¹æœãŒãªã„ã€‚

ã‚¢ãƒ³ã‚¤ãƒ³ã‚¹ãƒˆãƒ¼ãƒ«ã—ã¦ã‹ã‚‰ãƒãƒ¼ã‚¸ãƒ§ãƒ³ã‚’è½ã¨ã—ã¦
å†ã‚¤ãƒ³ã‚¹ãƒˆãƒ¼ãƒ«ã€‚
ã™ã‚‹ã¨æ²»ã£ãŸã€‚",505,31,0,0,2025-06-13T03:27:31+00:00,2025-11-24T13:22:16.953093+00:00
https://x.com/VmiruSenyou17/status/1932598037333094455,"VmiruSenyou17","Adobe bridgeå…¥ã‚Œã¦ã‚‹ã‘ã©ã€ã„ã¾ã„ã¡ä½¿ã„æ–¹ãŒã‚ã‹ã‚‰ãªã„ã€‚",264,3,0,0,2025-06-11T00:37:32+00:00,2025-11-24T13:22:16.953093+00:00
https://x.com/keiphotostudio/status/1931186559224627342,"keiphotostudio","Adobe Bridgeã®ãƒ©ãƒ™ãƒ«ã‚’ä»˜ã‘ãŸã‚‰ç”»é¢ãŒä¸Šã«ç§»å‹•ã—ãŸã‚Šã™ã‚‹ã®ã§ä½œæ¥­ãŒé€²ã¾ãšå¯¾å‡¦æ–¹æ³•ã‚‚è¦‹ã¤ã‹ã‚‰ãªã„ã€‚
RAWã§å‡¦ç†ä¸­ã«ãƒ©ãƒ™ãƒ«è‰²ã®å¤‰æ›´ã‚‚é¢å€’ã«ãªã£ãŸãƒ»ãƒ»ãƒ»ã€‚

ä»–ç¤¾ã®ã‚¢ãƒ—ãƒªã§ä»•äº‹ã—ã‚ˆã†ã‹ãªã¨è€ƒãˆã¦ã¾ã™ã€‚
åœŸæ›œã‚‚ä»•äº‹ã™ã‚‹äº‹ã«ãªã£ãŸã—",397,5,0,0,2025-06-07T03:08:50+00:00,2025-11-24T13:22:16.953093+00:00
https://x.com/keiphotostudio/status/1930559239778660737,"keiphotostudio","Adobe Bridgeã®ãƒ©ãƒ™ãƒ«æ©Ÿèƒ½ãŒãƒã‚°ãªã®ã‹çŸ¥ã‚‰ãªã„ã‘ã‚Œã©ã€ãƒ©ãƒ™ãƒ«ã‚’ä»˜ã‘ãŸã‚‰ç”»é¢ãŒ1ç•ªå…ˆé ­ã«å¤‰ã‚ã£ã¡ã‚ƒã†ãƒ»ãƒ»ãƒ»ãƒ»ã€‚

ç–²ã‚ŒãŸã®ã§å¸°å®…ã—ã¾ã™ã€‚ã€€åˆæœŸåŒ–ã—ã¦ã‚‚ãƒ€ãƒ¡ã§ã—ãŸãƒ»ãƒ»ãƒ»ã€‚",458,23,0,0,2025-06-05T09:36:05+00:00,2025-11-24T13:22:16.953093+00:00
https://x.com/shibaDTP/status/1930554252302401544,"shibaDTP","Adobe Bridge 2024ã§ã‚³ãƒ³ã‚¿ã‚¯ãƒˆã‚·ãƒ¼ãƒˆã‚’ä½œæˆã™ã‚‹æ™‚ã«ã¯å¿…ãšã€Œå‡ºåŠ›ãƒ—ãƒ¬ãƒ“ãƒ¥ãƒ¼ã€ã‚’è¡¨ç¤ºã—ã¦ã€ç”»åƒã‚’ãƒ‰ãƒ©ãƒƒã‚°ã‚¢ãƒ³ãƒ‰ãƒ‰ãƒ­ãƒƒãƒ—ã™ã‚‹å¿…è¦ãŒã‚ã‚‹ã€‚#adobe #bridge",52,0,0,0,2025-06-05T09:16:16+00:00,2025-11-24T13:22:16.953093+00:00
https://x.com/akpngn_HA/status/1926133115157622865,"akpngn_HA","Windowsã¯psdã®ã‚µãƒ ãƒãŒè¡¨ç¤ºã•ã‚Œãªã„ã‹ã‚‰Adobe Bridgeä½¿ã£ã¦ã„ã‚‹ã®ã ã‘ã©ã€ã‚¨ã‚¯ã‚¹ãƒ—ãƒ­ãƒ¼ãƒ©ãƒ¼ã‚ˆã‚Šã¡ã‚‡ã£ã´ã‚Šã‚‚ã£ã•ã‚Šã—ã¦ã„ã‚‹ã®ã¯ä»•æ–¹ãªã„ã®ã‹ãªã‚",3760,5,0,0,2025-05-24T04:28:15+00:00,2025-11-24T13:22:16.953093+00:00
https://x.com/Jason_Sandberg/status/1921219871704051734,"Jason_Sandberg","And ADOBE BRIDGE.",36,2,0,0,2025-05-10T15:04:46+00:00,2025-11-24T13:22:16.953093+00:00
https://x.com/yamato7takeru/status/1920448650138038402,"yamato7takeru","Adobe Bridgeã®Uservoiceã¯é–‰é–ã•ã‚ŒãŸã®ï¼Ÿ
#Adobe #Bridge",72,0,0,0,2025-05-08T12:00:13+00:00,2025-11-24T13:22:16.953093+00:00
https://x.com/Sergiomonty/status/1919745233761260010,"Sergiomonty","Yo no pirateo Adobe. Solo lo reemplazo por programas buenos, gratuitos y que no me joden la ram. Usen Krita, Usen Medibang, usen Da Vinci Resolve, usen Audacity. Yo que sÃ©. Ya no sÃ© cÃ³mo manejar el nuevo Photoshop y el Adobe Animate me da ganas de vomitar.",14194,629,81,50,2025-05-06T13:25:05+00:00,2025-11-24T13:22:16.953093+00:00
https://x.com/Thoriqfz/status/1918921168121172382,"Thoriqfz","Setelah bertahun2 kembali nyortir foto pake adobe bridge.. gila ilmu wisuda lfm masih kepake aja",152,5,0,0,2025-05-04T06:50:32+00:00,2025-11-24T13:22:16.953093+00:00
https://x.com/tulsatech/status/1917685523172241675,"tulsatech","Photoshop for Photographers

Import images into Photoshop using Adobe Bridge, which enables image organization, renaming and metadata management to streamline workflow. 

 Every Tues. & Thurs., May 20-June 5
 6-10 pm
 Riverside Campus

Enroll Today: 
https://
enrole.com/tulsatech/jsp/
session.jsp?sessionId=2025ST-GRPH-3402-S4051&courseId=GRPH-3402&categoryId=C10FB528
â€¦",55,0,0,0,2025-04-30T21:00:32+00:00,2025-11-24T13:22:16.953093+00:00
https://x.com/AmberdDesign/status/1915466063338152159,"AmberdDesign","How to Resize Multiple Images in Adobe Bridge and Photoshop 
https://
buff.ly/3UsAtCm

#imageReszie #batchImageResize #photoshopTutorial #photoshop #graphicDesign #graphicDesigner",10,0,0,0,2025-04-24T18:01:11+00:00,2025-11-24T13:22:16.953093+00:00
https://x.com/yuuki_toyoda/status/1910437429418578325,"yuuki_toyoda","adobeã€€bridgeãŒã‚¢ãƒƒãƒ—ãƒ­ãƒ¼ãƒ‰ã‚„ã‚¢ãƒ³ã‚¤ãƒ³ã‚¹ãƒˆãƒ¼ãƒ«ã€ã‚¤ãƒ³ã‚¹ãƒˆãƒ¼ãƒ«ãªã©ä½•ã‚’ã—ã¦ã‚‚errorã§ãƒã‚°ã£ã¦ä½¿ãˆãªã„â€¦
å‰²ã¨ã„ã¤ã‚‚ä½¿ã†ã®ã§ã©ã†ã—ãŸã‚‰ã„ã„ã‚‚ã‚“ã‹â€¦",115,0,0,0,2025-04-10T20:59:12+00:00,2025-11-24T13:22:16.953093+00:00
https://x.com/Provirtualespcs/status/1906426934126334264,"Provirtualespcs","Adobe Bridge CC (2025) v15.0.3, Bridge CC es un gestor de imÃ¡genes de Adobe 
https://
programasvirtualespc.net/adobe/adobe-br
idge-cc-2019-full/
â€¦ a travÃ©s de 
@Provirtualespcs",28,0,0,0,2025-03-30T19:22:55+00:00,2025-11-24T13:22:16.953093+00:00
https://x.com/atiesphoto/status/1897220180142665938,"atiesphoto","Adobe bridgeã¡ã‚ƒã‚“
å‹•ç”»ã‚‚ä¸€æ‹¬ãƒªãƒãƒ¼ãƒ ã§ãã‚‹ã®å„ªç§€ã™ãã‚‹ã€‚",519,0,0,0,2025-03-05T09:38:34+00:00,2025-11-24T13:22:16.953093+00:00
https://x.com/it4p_studio/status/1888063928661590384,"it4p_studio","Adobe Bridge 2025ã€è¡¨ç¤ºã•ã‚Œã‚‹ã¯ãšã®ãƒ•ã‚¡ã‚¤ãƒ«ãŒå…¨ã¦è¡¨ç¤ºã•ã‚Œãšã€ä¸€éƒ¨ã—ã‹è¡¨ç¤ºãƒ»æ“ä½œã§ããªã„ã¿ãŸã„ãªç—‡çŠ¶ãŒç™ºç”Ÿã—ã¦ã„ã‚‹ã®ã§ã™ãŒã€è§£æ±ºç­–oråŒç—‡çŠ¶ã®æ–¹ã„ã‚‹ã®ã§ã—ã‚‡ã†ã‹",121,0,0,0,2025-02-08T03:14:53+00:00,2025-11-24T13:22:16.953093+00:00
https://x.com/AkinOzcan85/status/1796511209019351100,"AkinOzcan85","Adobe'nin Ã¼cretsiz eÄŸitimler, paketler, filtreler, preset'lerinin bulunduÄŸu link.

Video, fotoÄŸraf, illÃ¼strasyon, grafik tasarÄ±m iÃ§in ayrÄ± ayrÄ± varlÄ±klar mevcut. Tam kÃ¶ÅŸede tutmalÄ±k ama kullanmak Ã¼zere tutmalÄ±k. :)


https://
creativecloud.adobe.com/cc/discover/fr
ee-assets/?page=2&filter=photography
â€¦",26067,206,31,1,2024-05-31T11:57:04+00:00,2025-11-24T13:22:16.953093+00:00
https://x.com/happy_modeling/status/1787115964259266784,"happy_modeling","Project Neo ã‚¢ãƒ‰ãƒ“ãŒãƒ–ãƒ©ã‚¦ã‚¶ä¸Šã§3Dãƒ¢ãƒ‡ãƒ«ã‚’ä½œæˆã—ã¦Illustratorã«ãƒ™ã‚¯ã‚¿ãƒ¼ãƒ‡ãƒ¼ã‚¿ã¨ã—ã¦æ›¸ãå‡ºã›ã‚‹ã‚½ãƒ•ãƒˆã®ãƒ™ãƒ¼ã‚¿ç‰ˆã‚’å…¬é–‹


https://
modelinghappy.com/archives/56716",60998,344,90,0,2024-05-05T13:43:43+00:00,2025-11-24T13:22:16.953093+00:00
https://x.com/Panthaa/status/1770394640295903356,"Panthaa","Etttttttt oui, quand on ""paye"" une licence Adobe, en rÃ©alitÃ© on fait un contrat de location Ã  prix avantageux... Tu veux arrÃªter l'abonnement ? Tu payes ce que tu dois jusqu'Ã  la fin de l'annÃ©e pour avoir ""bÃ©nÃ©ficiÃ© du tarif avantageux"". Pire escroquerie, et chaque personne qui 
https://
x.com/PC_Focus_/stat
/PC_Focus_/status/1770378025625948534
â€¦",91135,209,36,56,2024-03-20T10:19:09+00:00,2025-11-24T13:22:16.953093+00:00
https://x.com/historyinmemes/status/1715226400708243486,"historyinmemes","In Cusco, Peru, stands an impressive adobe sculpture of an Incan god. Adobe is a building material crafted from a blend of earth and organic components. Although the term ""adobe"" translates to 'mudbrick' in Spanish, in certain English-speaking regions with Spanish heritage, it",2227640,10147,1177,141,2023-10-20T04:40:15+00:00,2025-11-24T13:22:16.953093+00:00
https://x.com/BowKraivanich/status/1554780375305502720,"BowKraivanich","à¹„à¸¡à¹ˆà¸„à¹ˆà¸­à¸¢à¸£à¸±à¸ Adobe CC à¹€à¸—à¹ˆà¸²à¹„à¸«à¸£à¹ˆ à¸”à¹‰à¸§à¸¢à¸£à¸²à¸„à¸²à¸—à¸µà¹ˆà¹à¸à¸‡à¹„à¸›à¸¡à¸²à¸ à¹à¸¥à¸° Mindset à¸”à¸¹à¹à¸¥à¸¥à¸¹à¸à¸„à¹‰à¸²à¸—à¸µà¹ˆà¸„à¹ˆà¸­à¸¢à¹„à¸¡à¹ˆà¸™à¹ˆà¸²à¸£à¸±à¸

à¹à¸¥à¸°à¸£à¸²à¸„à¸²à¸£à¸²à¸¢à¹€à¸”à¸·à¸­à¸™à¸—à¸µà¹ˆà¸à¸­à¹† à¸à¸±à¸š Canva à¸£à¸²à¸¢à¸›à¸µ

à¹à¸™à¸°à¸™à¸³ 
http://
photopea.com (free) à¹à¸—à¸™ Photoshop
à¹à¸¥à¸° Affinity Designer ($59) à¹à¸—à¸™ Illustrator

à¹ƒà¸„à¸£à¹ƒà¸Šà¹‰à¹€à¸¥à¹‡à¸à¹† à¸™à¹‰à¸­à¸¢à¹† à¸­à¸¢à¹ˆà¸²à¸‡à¹€à¸£à¸² à¸¥à¸­à¸‡à¸—à¹ˆà¸²à¸™à¸µà¹‰à¸”à¸¹",0,1149,1211,5,2022-08-03T10:45:02+00:00,2025-11-24T13:22:16.953093+00:00
https://x.com/AdobeDesign/status/1455584274414030851,"AdobeDesign","Ever wanted to superimpose your poster on the side of a real billboard? Grab the sample assets and get started in #AdobeIllustrator: 
https://
adobe.ly/3vUzYTh",0,315,47,0,2021-11-02T17:15:09+00:00,2025-11-24T13:22:16.953093+00:00
https://x.com/creativecloudjp/status/1453134399357259786,"creativecloudjp","ã€Adobe Photoshopã‚¢ãƒƒãƒ—ãƒ‡ãƒ¼ãƒˆã€‘

Photoshopã®ãƒ‡ã‚¹ã‚¯ãƒˆãƒƒãƒ—ç‰ˆãŠã‚ˆã³iPadç‰ˆã«ãŠã‘ã‚‹æ©Ÿèƒ½ãŒæ‹¡å……ã—ã¾ã—ãŸ

ã•ã‚‰ã«ã€æ‰‹è»½ãªç·¨é›†ã¨ã‚³ãƒ©ãƒœãƒ¬ãƒ¼ã‚·ãƒ§ãƒ³æ©Ÿèƒ½ã‚’ãƒ–ãƒ©ã‚¦ã‚¶ã§å®Ÿç¾ã™ã‚‹Adobe Photoshop webç‰ˆï¼ˆãƒ™ãƒ¼ã‚¿ç‰ˆï¼‰ã‚‚ç™»å ´


https://
adobe.ly/3bacXCz

#AdobeMAX",0,330,55,0,2021-10-26T23:00:13+00:00,2025-11-24T13:22:16.953093+00:00
https://x.com/vas/status/1428449728824369157,"vas","1/2 Thrilled to share Adobe is acquiring 
http://
Frame.io. A major outcome (~$1.3b!) for a company that defined collaboration for video teams globally. Thank you Emery & John for letting us lead your Seed and Series A in 2015. Can't wait to see what you all do together...",0,234,27,9,2021-08-19T20:12:09+00:00,2025-11-24T13:22:16.953093+00:00
https://x.com/ahmed_aljabri/status/1412496827715293185,"ahmed_aljabri","Ø¹Ù†Ø¯Ù…Ø§ ÙŠÙØ°ÙƒØ± Ø§Ø³Ù… Ø´Ø±ÙƒØ© Adobe ÙŠØ±ÙˆØ­ Ø¨Ø§Ù„Ù†Ø§ Ø¹Ø§Ø¯Ø© Ø¥Ù„Ù‰ Photoshop Ùˆ Illustrator. Ù„ÙƒÙ† Ù„Ù€Adobe ØªÙ‚Ù†ÙŠØ§Øª ""Ø£Ø³Ø§Ø³ÙŠØ©"" Ø¬Ù…ÙŠØ¹Ù†Ø§ Ù†Ø³ØªØ®Ø¯Ù…Ù‡Ø§ (Ø§Ù„Ø¢Ù†) ÙˆÙ„Ø§ Ø§Ø¸Ù† Ø£Ù† Ù‡Ù†Ø§Ùƒ Ù…Ø¨Ø±Ù…Ø¬ Ù„Ù… ÙŠØ³Ù…Ø¹ Ø¨Ù‡Ø§. ÙÙŠ Ø§Ù„Ø³Ù„Ø³Ù„Ø© Ø§Ù„Ù‚Ø§Ø¯Ù…Ø© Ø³Ø£ÙƒØªØ¨ Ø¹Ù† Ø±Ø¬Ù„ ÙŠØ¹Ù…Ù„ ÙÙŠ Adobe ØºÙŠÙ‘Ø± Ø§Ù„ØªØ§Ø±ÙŠØ® Ø¨Ø¨Ù†Ø§Øª Ø§ÙÙƒØ§Ø±Ù‡ Ùˆ Ù„ÙƒÙ† Ù„Ù„Ø§Ø³Ù Ø§Ø³ÙŠØ¡ ÙÙ‡Ù…Ù‡Ø§ Ù…Ù† Ù‚Ø¨Ù„ Ø§Ù„ÙƒØ«ÙŠØ± Ù…Ù† Ø§Ù„Ù…Ø¨Ø±Ù…Ø¬ÙŠÙ†.",0,230,19,6,2021-07-06T19:41:01+00:00,2025-11-24T13:22:16.953093+00:00
https://x.com/Photoshop/status/1394684206781849605,"Photoshop","See how Chibu uses Photoshop to transform a crosswalk into an animated canvas of crazy characters. #CreativityForAllâ€‹ 
https://
adobe.ly/3fq8InN",0,222,33,1,2021-05-18T16:00:01+00:00,2025-11-24T13:22:16.953093+00:00
https://x.com/mistercodybrown/status/1103055631869595648,"mistercodybrown","I love how 
@Photoshop
 
@Illustrator
 and 
@AdobeXD
 work seamlessly together when creating branded concepts and interactive prototypes. Here I demonstrate how to design a simple & bold brand as well as bringing it to life with 
@AdobeXD
 #MadeWithAdobeXD  
http://
bit.ly/2Uhsq9E",0,197,27,9,2019-03-05T22:12:11+00:00,2025-11-24T13:22:16.953093+00:00
https://x.com/iceddarkroast/status/939552471113916416,"iceddarkroast","It's 2018 and Adobe Bridge is still garbage software. What do other people use to preview their raw image files?",0,2355,83,62,2017-12-09T17:48:59+00:00,2025-11-24T13:22:16.953093+00:00
https://x.com/BrendanBlaber/status/935252391594811392,"BrendanBlaber","ADOBE: Okay Photoshop is looking pretty good. Any last minute additions, team?
SATAN WEARING A MUSTACHE: Put ""Open in Adobe Bridge"" right underneath the Open button so people will accidentally click it and waste 5 minutes while Bridge clambers to life.
ADOBE: Perfect!",0,155,14,4,2017-11-27T21:02:00+00:00,2025-11-24T13:22:16.953093+00:00
https://x.com/triangle_allapp/status/921258038782189568,"triangle_allapp","[] Adobe à¹€à¸›à¸´à¸”à¹ƒà¸«à¹‰à¹‚à¸«à¸¥à¸” brush(à¸«à¸±à¸§à¹à¸›à¸£à¸‡) à¹ƒà¸«à¹‰à¸œà¸¹à¹‰à¹ƒà¸Šà¹‰à¸‡à¸²à¸™ photoshop à¸Ÿà¸£à¸µà¸à¸§à¹ˆà¸² 1,000 à¹à¸šà¸š à¹€à¸§à¹‡à¸šà¸™à¸µà¹‰à¹€à¸¥à¸¢ 
http://
adobe.com/products/photo
shop/brushes.html?promoid=XKMMHH6G&mv=other
â€¦ ",0,2178,2500,3,2017-10-20T06:13:27+00:00,2025-11-24T13:22:16.953093+00:00
https://x.com/creativecloudjp/status/920786993868673026,"creativecloudjp","#UX/ #UI ãƒ‡ã‚¶ã‚¤ãƒ³ã®ãŸã‚ã® #AdobeXD ã‚’ã¤ã„ã«æ­£å¼ãƒªãƒªãƒ¼ã‚¹ï¼ã‚¢ã‚»ãƒƒãƒˆãƒ‘ãƒãƒ«ã‚„ãƒªãƒ”ãƒ¼ãƒˆã‚°ãƒªãƒƒãƒ‰æ©Ÿèƒ½ã‚’æ´»ç”¨ã™ã‚‹ã“ã¨ã§ã€ãƒ—ãƒ­ãƒˆã‚¿ã‚¤ãƒ—ã‚’æ•°åˆ†ã§ä½œæˆã™ã‚‹ã“ã¨ã‚‚å¯èƒ½ã«ã€‚
https://
adobe.ly/2yxExH8 #AdobeMAX",0,278,135,0,2017-10-18T23:01:41+00:00,2025-11-24T13:22:16.953093+00:00
https://x.com/Adobe/status/817675405939179521,"Adobe","No two strokes are the same. Get at peek at how Project Wetbrush is bringing even more depth to digital: 
https://
adobe.ly/2iRtQbq",0,128,59,3,2017-01-07T10:13:03+00:00,2025-11-24T13:22:16.953093+00:00
https://x.com/AdobeDesign/status/744892596422467586,"AdobeDesign","Colors twist and turn in Edison Wong's 'Bloom' series: 
http://
adobe.ly/28JeHVb",0,81,21,0,2016-06-20T14:00:09+00:00,2025-11-24T13:22:16.953093+00:00
https://x.com/Photoshop/status/697106848520892417,"Photoshop","Bridge CC 6.2 is here & freeing up your time for (organized) creativity. See whatâ€™s new: 
http://
adobe.ly/1WQc7f8",0,86,45,2,2016-02-09T17:16:38+00:00,2025-11-24T13:22:16.953093+00:00
https://x.com/AdobeDesign/status/697101163410300928,"AdobeDesign","Create a cool brush from a photo with #AdobeCapture. Then use it in Illustrator. Try it: 
http://
adobe.ly/1Xghm8c

https://
amp.twimg.com/v/fbb7add2-18c
5-4cfe-84a1-d0bc05199a38
â€¦",0,73,27,1,2016-02-09T16:54:03+00:00,2025-11-24T13:22:16.953093+00:00
https://x.com/chrisbmarquez/status/1992288244805869805,"chrisbmarquez","Smart tools powered by Adobe from social to the big screen. #Ad > 
http://
be.net/chrisbmarquez",21,0,0,0,2025-11-22T17:45:07+00:00,2025-11-24T13:21:47.080008+00:00
https://x.com/Swopes/status/1992244797139247448,"Swopes","You should try it!  youâ€™ve got it included in your creative cloud plan on 
http://
firefly.adobe.com ",32,1,0,1,2025-11-22T14:52:28+00:00,2025-11-24T13:21:47.080008+00:00
https://x.com/GoBlueStingray/status/1991977553406624017,"GoBlueStingray","#AdobeCommerce isnâ€™t just an #eCommerce platformâ€”itâ€™s a powerhouse. From AI-driven personalization to unified data, omnichannel journeys, and B2B/B2C scalability, it delivers serious impact when tailored right. Whatâ€™s your standout feature?

https://
linkedin.com/pulse/adobe-co
mmerce-leveraging-true-power-open-source-0zk6c
â€¦
 #Magento",15,0,0,0,2025-11-21T21:10:32+00:00,2025-11-24T13:21:47.080008+00:00
https://x.com/chrisbmarquez/status/1991563482098012471,"chrisbmarquez","Smart tools powered by Adobe from social to the big screen. #Ad > 
http://
be.net/chrisbmarquez",26,0,0,0,2025-11-20T17:45:10+00:00,2025-11-24T13:21:47.080008+00:00
https://x.com/IchLerne2/status/1991421211839197656,"IchLerne2","yesterday i had a talk with a professional wedding photographer. He said his work would not exist without $ADBE products, AI isn't taking the need of adjusting the photos with a software after that. He said other softwares do exist, but none are like those from Adobe",66,0,0,0,2025-11-20T08:19:50+00:00,2025-11-24T13:21:47.080008+00:00
https://x.com/grok/status/1991154001451294906,"grok","I hear youâ€”that guide looks messy. Here's a clearer way to remove the ""Reject"" label in Adobe Bridge:

1. Select the photo(s).
2. Go to Label > No Label (or press Ctrl+0 on Windows / Cmd+0 on Mac).
3. If stuck, right-click > Develop Settings > Clear Settings.

If it's not",45,1,0,0,2025-11-19T14:38:02+00:00,2025-11-24T13:21:47.080008+00:00
https://x.com/Mirrativikeyan/status/1991000384249491904,"Mirrativikeyan","ã•ã£ãPremiereã¨Photoshopã§ä½œæ¥­ã—ã¦ãŸã‚‰WiFiåˆ‡ã‚‰ãªãã¦ã‚‚ä½¿ãˆã‚‹ã‚ˆã†ã«ãªã£ã¦ãŸ
Adobeã•ã‚“ã‚ˆã€ã‚‚ã†ã“ã†ã„ã†ãƒã‚°ã‚„ã‚ã¦æ¬²ã—ã„ã€‚
#Adobe #PremierePro #Photoshop",246,0,0,0,2025-11-19T04:27:37+00:00,2025-11-24T13:21:47.080008+00:00
https://x.com/chrisbmarquez/status/1990838710485635229,"chrisbmarquez","Smart tools powered by Adobe from social to the big screen. #Ad > 
http://
be.net/chrisbmarquez",145,0,0,0,2025-11-18T17:45:11+00:00,2025-11-24T13:21:47.080008+00:00
https://x.com/kaji1st/status/1990786522988290454,"kaji1st","Cloudç³»ã®bottleneckã ã‚ˆã­ã€‚ãƒœã‚¸ãƒ§ãƒ¬ãƒ¼ãƒŒãƒ¼ãƒœã§ã€ãŠãµã–ã‘ã§ã‚‚ã—ã¦ã‚‹ã‹ãªï¼Ÿ

Adobeè£½å“ã«ä¸å…·åˆç¶šå‡ºã€€Illustratorãªã©ä½¿ãˆãšãƒ¦ãƒ¼ã‚¶ãƒ¼æ‚²é³´ã€Œå…¨ãä»•äº‹ã«ãªã‚‰ãªã„ã€(ã‚¹ãƒãƒ‹ãƒã‚¢ãƒãƒƒã‚¯ã‚¹)
#Yahooãƒ‹ãƒ¥ãƒ¼ã‚¹",448,0,0,0,2025-11-18T14:17:48+00:00,2025-11-24T13:21:47.080008+00:00
https://x.com/holmesfems/status/1990655432168485320,"holmesfems","AdobeãŒä¾‹å¹´ã®Black Fridayã‚»ãƒ¼ãƒ«ã—ã¦ãŸã®ã§ã€ã‚¢ãƒã‚¾ãƒ³ã¨ãƒ¨ãƒ‰ãƒã‚·ã‹ã‚‰50%OFFã®ä¸€å¹´ãƒ©ã‚¤ã‚»ãƒ³ã‚¹è²·ã£ã¦ã€äºŒå¹´å»¶é•·ã—ã¦ããŸ
æœ¬ä½“æ­»ã¬ã»ã©å€¤ä¸Šã’ã•ã‚Œã¦ã¾ã™ãŒã‚»ãƒ¼ãƒ«å€¤æ®µã¯å»å¹´ã¨ã•ã»ã©å¤‰ã‚ã‚‰ãšã§åŠ©ã‹ã£ãŸ",903,0,0,0,2025-11-18T05:36:54+00:00,2025-11-24T13:21:47.080008+00:00
https://x.com/Z_Big_Masa/status/1990649060152541678,"Z_Big_Masa","ã€ŒAdobe Bridgeã§
ãƒ•ã‚¡ã‚¤ãƒ«åã®å¤‰æ›´ãŒå¼¾ã‹ã‚Œã¦
å¤‰æ›´ã§ããªã„ã€ã‚‚è¿½åŠ ã§ãŠé¡˜ã„ã—ã¾ã™ã€‚
è¤‡æ•°å°ã§ç¢ºèª
ã‚ªãƒ•ãƒ©ã‚¤ãƒ³ã§ä¿®å¾©ã•ã‚ŒãŸã®ã§
åŒæ§˜ã®ä¸å…·åˆã¨æ€ã‚ã‚Œã¾ã™ã€‚
2026ã§ã¯ãƒ•ã‚¡ã‚¤ãƒ«ãƒ‰ãƒ©ãƒƒã‚°ãŒæ©Ÿèƒ½ã—ãªã„å•é¡Œã¯ä»¥å‰ã‹ã‚‰ã§ã™ãŒã€‚",34280,10,0,0,2025-11-18T05:11:35+00:00,2025-11-24T13:21:47.080008+00:00
https://x.com/rainbowmusic775/status/1990602213266502028,"rainbowmusic775","Adobeéšœå®³ã®å¿œæ€¥çš„ãªå¯¾å¿œ

â—¯ãƒ‘ã‚½ã‚³ãƒ³ã‚’ã‚·ãƒ£ãƒƒãƒˆãƒ€ã‚¦ãƒ³
(Wifiæ¥ç¶šã®äººã¯OFFã«ã—ã¦ã‹ã‚‰çµ‚äº†)
â†“
â—¯ãƒãƒƒãƒˆãƒ¯ãƒ¼ã‚¯ã‚±ãƒ¼ãƒ–ãƒ«
ï¼ˆLANï¼‰ã‚’æŠœã
â†“
â—¯ãƒ‘ã‚½ã‚³ãƒ³ã‚’èµ·å‹•
â†“
â—¯adobeã‚’èµ·å‹•
â†“
â—¯LANã‚’æ¥ç¶šï¼ˆwifi-ONï¼‰

ã“ã‚Œã§ä½¿ãˆã‚‹ã¨æ€ã„ã¾ã™ã€‚

#adobeéšœå®³",1196,5,2,0,2025-11-18T02:05:25+00:00,2025-11-24T13:21:47.080008+00:00
https://x.com/somugi/status/1990591008409837751,"somugi","Adobeã®ä¸å…·åˆã¯ã€Illustratorãªã©ã‚’ç«‹ã¡ä¸Šã’ã‚‹æ™‚ã®ã¿ã€ãƒãƒƒãƒˆãƒ¯ãƒ¼ã‚¯åˆ‡ã£ã¦ã€ç«‹ã¡ä¸ŠãŒã£ãŸã‚‰ã€ãƒãƒƒãƒˆãƒ¯ãƒ¼ã‚¯ç¹‹ã’ã¯ã€å¾“æ¥é€šã‚Šä½¿ãˆã¦ã¾ã™ã€‚",473,0,0,0,2025-11-18T01:20:54+00:00,2025-11-24T13:21:47.080008+00:00
https://x.com/nyanyanyanyanko/status/1990582522435314033,"nyanyanyanyanko","adobeã‚’æ¤œç´¢ã—ã¦æ¥ã¾ã—ãŸ
ä»Šæœã‹ã‚‰Bridgeã§ã‚«ãƒ¡ãƒ©RAWã²ã‚‰ã‘ãšã€ã‚¯ãƒªã‚¨ã‚¤ãƒ†ã‚£ãƒ–ã‚¯ãƒ©ã‚¦ãƒ‰ã‚‚æ¥ç¶šå‡ºæ¥ãšã§ã™
Webç‰ˆã¯ä½¿ãˆã‚‹ã‚ˆã†ã§ã™ãŒã‚¤ãƒ³ã‚¹ãƒˆãƒ¼ãƒ«ã•ã‚Œã¦ã‚‹ç‰©ãŒãƒ€ãƒ¡ã¿ãŸã„ã§ã™ã­ã€ã¡ãªã¿ã«Macã§ã™",1326,1,1,0,2025-11-18T00:47:11+00:00,2025-11-24T13:21:47.080008+00:00
https://x.com/JuniperPhoton/status/1989699160203747654,"JuniperPhoton","å–æ¶ˆ Adobe çš„æ‘„å½±å¥—è£…å‡ ä¸ªæœˆåï¼Œåˆšåˆšåˆè¶é»‘äº”åˆèµ°äº†å¹´è®¢é˜…  ä¸è¿‡æˆ‘è¿™æ¬¡å°±å•ç‹¬è®¢é˜…äº† Photoshopï¼ˆé…åˆ Bridge ä½¿ç”¨ ACRï¼‰ã€‚",718,2,0,0,2025-11-15T14:17:01+00:00,2025-11-24T13:21:47.080008+00:00
https://x.com/akakttt31/status/1982671185650577450,"akakttt31","ç´ æé–‹ã“ã†ã¨ã—ã¦é–“é•ãˆã¦Adobe Bridgeé–‹ãåº¦ã«å«ã‚“ã§æ°—æŒã¡ã‚’é–‹æ”¾ã—ã¦ã„ã‚‹ã€‚",379,1,0,0,2025-10-27T04:50:21+00:00,2025-11-24T13:21:47.080008+00:00
https://x.com/kiyady/status/1972920033375564215,"kiyady","Adobe Bridgeã®ä¸­ã«ã‚ã‚‹ãƒ‰ãƒ“ãƒ–ãƒªãƒƒ",129,1,0,0,2025-09-30T07:02:45+00:00,2025-11-24T13:21:47.080008+00:00
https://x.com/sato_atsu/status/1966162335011319848,"sato_atsu","Adobe Bridgeã®ã‚³ãƒ¬ã‚¯ã‚·ãƒ§ãƒ³é–¢ä¿‚ã®ãƒ„ã‚¤ãƒ¼ãƒˆæ¤œç´¢ã—ã¦ã‚‚å…¨ç„¶ã§ã¦ã“ãªã„ãª
ä½¿ã£ã¦ã‚‹äººå…¨ç„¶ã„ãªã„ï¼Ÿ",246,0,0,1,2025-09-11T15:30:04+00:00,2025-11-24T13:21:47.080008+00:00
https://x.com/takemesky524/status/1960142535827083510,"takemesky524","åºƒå ±ãƒ»è¨˜éŒ²ç”¨ã«æ’®å½±ã—ãŸå†™çœŸã®é¸å®šæ–¹æ³•ãƒ™ã‚¹ãƒˆãƒ—ãƒ©ã‚¯ãƒ†ã‚£ã‚¹ï¼ˆç¾æ™‚ç‚¹ï¼‰
æ’®å½±ã—ãŸå†™çœŸã‚’Adobe bridgeã«å–ã‚Šè¾¼ã‚“ã§ã€ãƒ•ã‚¡ã‚¤ãƒ«åä»˜ãã§ã‚³ãƒ³ã‚¿ã‚¯ãƒˆã‚·ãƒ¼ãƒˆä½œæˆ
â†’PDFã‚’Jpegã«å¤‰æ›
â†’1æšãšã¤ChatGPTã«ã‚¢ãƒƒãƒ—ãƒ­ãƒ¼ãƒ‰ã—ã¦å„å†™çœŸã‚’æ¡ç‚¹
â†’å¾—ç‚¹ä¸€è¦§è¡¨ã‚’ä½œæˆã•ã›ã‚‹
â†’å†™çœŸãƒ•ã‚¡ã‚¤ãƒ«ã¨ä»˜ãåˆã‚ã›ã¦é¸å®š",303,8,0,0,2025-08-26T00:49:32+00:00,2025-11-24T13:21:47.080008+00:00
https://x.com/sunoyan/status/1956569569495298392,"sunoyan","ã‚¤ãƒ¡ãƒ¼ã‚¸ãƒ‡ãƒ¼ã‚¿ã§ãƒ•ã‚¡ã‚¤ãƒ«æ•°ã®å¤šã‹ã£ãŸSSDã®èª¿å­ãŒæ‚ªããªã£ã¦ã€PCå…¨ä½“ã®CHKDSKã€Microsoft PC Managerã§OSã®ã‚´ãƒŸãƒ•ã‚¡ã‚¤ãƒ«å‰Šé™¤ã€Adobe Bridgeå†ã‚¤ãƒ³ã‚¹ãƒˆãƒ¼ãƒ«ã§å®‰å®šã—ãŸã‹ã‚‚ãƒ»ãƒ»ãƒ»",164,0,0,0,2025-08-16T04:11:51+00:00,2025-11-24T13:21:47.080008+00:00
https://x.com/JuneUnknown/status/1946983529071669715,"JuneUnknown","Adobe Bridgeã•ã‚“ã€ã‚‚ã£ã¨å¤‰æ›åŠ¹ç‡ä¸Šã’ã¦ã„ã„ã‚“ã ã‚ˆã€‚ã«ã—ã¦ã‚‚æ˜¨æ—¥ã€ç•°æ§˜ã«é‡ã‹ã£ãŸã®ã€ãªã‚“ã ã£ãŸã‚“ã ã‚ã†ã€‚ã„ã¾ã¯æ™®é€šã€‚

ã«ã—ã¦ã‚‚â€¦è¨±å¯å–ã£ã¦ãªã„ã‹ã‚‰ä¸Šã’ã‚‰ã‚Œãªã„ã‘ã©é‡‘æ›œæ—¥ã®ã‚³ã‚¹æ’®å½±ã®å†™çœŸã€ãªã‹ãªã‹ã«å‡„ã„ã€‚ãŸã¾ã«ã¯ã‚³ã‚¹æ’®å½±ã‚‚ã™ã‚‹ã¹ãã ã­ã€‚",90,0,0,0,2025-07-20T17:20:21+00:00,2025-11-24T13:21:47.080008+00:00
https://x.com/madsmadsdk/status/1945543326981050708,"madsmadsdk","Ok, so hereâ€™s the idea.

What if you could:
- Easily access your images, assets and prompts, without leaving the browser?
- Simply drag images to a panel, and drop them back in to other browser based tools (Canva/Figma/Webflow etc.)?

Like Adobe Bridge but for browser tools.",117,4,0,1,2025-07-16T17:57:30+00:00,2025-11-24T13:21:47.080008+00:00
https://x.com/SteinbrinkLaura/status/1945312011073761742,"SteinbrinkLaura","Battle of AI! I wanted to add a red super hero cape & place myself with the Golden Gate Bridge in the background in honor of the ACE Innovator Summit in San Fran that kicks off tomorrow. Iâ€™m pumped to present an Ignite session on Friday, so I had some fun with this. 

1. Adobe",835,25,7,9,2025-07-16T02:38:20+00:00,2025-11-24T13:21:47.080008+00:00
https://x.com/tang40/status/1944862617757212764,"tang40","Adobe bridge ã®è¨­å®šè«¸ã€…åŒã˜ã‚¢ã‚«ã‚¦ãƒ³ãƒˆã§åŒæœŸã•ã‚Œãªã„ã®ã¯ã¡ã‚‡ã£ã¨ã‚¢ãƒ¬ã ãªãâ€¦ ãƒ‡ãƒ¼ã‚¿ã¯ã‚¯ãƒ©ã‚¦ãƒ‰ã«ç½®ã„ã¦ã‚ã‚‹ã‘ã©é€²è¡Œç®¡ç†çš„ãªä½¿ã„æ–¹ã¯å‘ã‹ãªã„ã¿ãŸã„ã€‚
#adobebridge",168,2,0,0,2025-07-14T20:52:36+00:00,2025-11-24T13:21:47.080008+00:00
https://x.com/jdash2000/status/1934905138470420858,"jdash2000","Canvaã®JPEGæ›¸ãå‡ºã—ã€å‰ã‹ã‚‰ã ã‘ã©å“è³ªãŒè‰¯ããªã„ã‚ˆã­ã€‚èµ¤ãƒ»ãƒ”ãƒ³ã‚¯ç³»ãŒç‰¹ã«ãƒ¢ãƒ¤ãƒ¢ãƒ¤ã«ãªã£ã¦ã—ã¾ã†ã€‚
PNGã§æ›¸ãå‡ºã—ã¦Adobe Bridgeã§JPEGå¤‰æ›ã—ãŸæ–¹ãŒå“è³ªã‚‚è‰¯ãã€ãƒ•ã‚¡ã‚¤ãƒ«ã‚µã‚¤ã‚ºã‚‚ãã‚“ãªã«å¤§ãããªã‚‰ãªã„ã€‚",204,4,0,0,2025-06-17T09:25:08+00:00,2025-11-24T13:21:47.080008+00:00
https://x.com/reflex_1124/status/1930812545230860692,"reflex_1124","Adobe Bridgeã£ã¦ä»Šã¾ã§ä½¿ã£ã¦ã“ãªã‹ã£ãŸã‘ã©å®Ÿã¯ã‹ãªã‚Šä¾¿åˆ©ã ã£ãŸã‚Šã™ã‚‹ï¼Ÿ",502,2,0,0,2025-06-06T02:22:38+00:00,2025-11-24T13:21:47.080008+00:00
https://x.com/mohsan012345678/status/1924403377452294588,"mohsan012345678","#ãƒ¬ãƒ¢ãƒ³ãƒ•ã‚©ãƒˆ 
#ãƒ²ã‚³

@okocha_oko
 

ä»Šã¾ã§ã¯DPP(Digital Photo Professional)â†’ãƒ•ã‚©ãƒˆã‚·ãƒ§ã ã£ãŸã‚“ã ã‘ã©ã€ã‚ã¾ã‚Šã«é…ã„ã®ã§adobe bridgeã«æˆ»ã‚Šã¾ã—ãŸ
è‰²åˆã„ãŒå¾®å¦™ã«å¤‰ã‚ã£ã¦ã—ã¾ã£ãŸã‹ã‚‚ï¼Ÿ",419,7,1,1,2025-05-19T09:54:53+00:00,2025-11-24T13:21:47.080008+00:00
https://x.com/align_centre/status/1924091608326377902,"align_centre","macOS Ventura â†’ Sonoma ã§ Adobe CC ç³»ã‚¢ãƒ—ãƒªã®èµ·å‹•ãŒå°‹å¸¸ã˜ã‚ƒãªãçˆ†é€ŸåŒ–ã—ã¦ã€Sonoma â†’ Sequoia ã§ã‚‚å¼•ãç¶šãçˆ†é€Ÿ â‰¡ï¸=-
Preview é–‹ãã‚ˆã‚Š Adobe Bridge é–‹ãæ–¹ãŒæ—©ã„ã—ã€Preview ã¿ãŸã„ã«ä¸¦ã³é †ãŒãŠã‹ã—ããªã‚‹ã“ã¨ãªã„ã—â€¦
ä½•ãŒã©ã†ãªã£ãŸã®ã‹çŸ¥ã‚‰ãªã„ã‘ã©ã€ãƒ‡ã‚£ã‚¹ã‚¯ã®ç©ºãã‚‚å¢—ãˆãŸw",430,0,0,0,2025-05-18T13:16:01+00:00,2025-11-24T13:21:47.080008+00:00
https://x.com/wanico3/status/1921835010421670224,"wanico3","Adobe Bridge
ã‚ã¡ã‚ƒãã¡ã‚ƒã‚ã‚ŠãŒãŸã„ã€‚
Photoshopä½œæ¥­ã‚’æ¥½ã«ã™ã‚‹ã®ã«å¤§æ´»èºã—ã¦ã„ã‚‹ã€‚
ä»Šã¾ã§CCã®ä¸­ã§ã‚‚åŸ‹ã‚‚ã‚Œã•ã›ã¦ã„ãŸBridgeãã‚“ã€‚ä»Šã‚­ãƒŸã¯å…‰ã‚Šè¼ã„ã¦ã„ã‚‹ã‚ˆã€‚
ã‚ã‚ŠãŒã¨ã†ãƒ¼ãƒ¼ï¼",173,5,1,0,2025-05-12T07:49:07+00:00,2025-11-24T13:21:47.080008+00:00
https://x.com/MarioBreskic/status/1918316987761201191,"MarioBreskic","So yeah, with that out of the way, I just dug into AdobeÂ Bridge, while uninstalling Allusion (Iâ€™ve been messing around with this since January 24 according to my notes) to keep my visual library.
In the same vein (if you have followed along on mastodon), I tried linkwarden, too",13,1,0,1,2025-05-02T14:49:45+00:00,2025-11-24T13:21:47.080008+00:00
https://x.com/Saleh_AbuRayya/status/1918274278866198974,"Saleh_AbuRayya","Ø£ÙØ¶Ù„ Ø£Ø¯ÙˆØ§Øª Ø¥Ø¯Ø§Ø±Ø© ÙˆØªÙ†Ø¸ÙŠÙ… Ø§Ù„Ù…Ù„ÙØ§Øª Ùˆ Ø§Ù„ØªØµØ§Ù…ÙŠÙ… : 
â€¢ Adobe Bridge
â€¢ imagekit .io
â€¢ Eagle .cool
â€¢ Filecamp
â€¢ Dropbox
â€¢ monday
â€¢ Mega
#ØªØµÙ…ÙŠÙ… #Ù…ØµÙ…Ù… #Ø¬Ø±Ø§ÙÙŠÙƒ",124,6,0,0,2025-05-02T12:00:02+00:00,2025-11-24T13:21:47.080008+00:00
https://x.com/SAIKA/status/1916116145028878769,"SAIKA","SMBã§æ¥ç¶šã™ã‚Œã°ãƒ­ãƒ¼ã‚«ãƒ«ã‚¹ãƒˆãƒ¬ãƒ¼ã‚¸ã¨åŒæ§˜ã®ä½¿ã„å‹æ‰‹ã«ã€€ï¼ãƒ–ãƒ­ã‚°æ›´æ–°ï¼šUGREEN NASync ã§Adobe Bridgeã‚’ä½¿ã†",434,0,0,0,2025-04-26T13:04:23+00:00,2025-11-24T13:21:47.080008+00:00
https://x.com/stabodeely/status/1915516096720838735,"stabodeely","Used two cameras for a show a few days ago.  Realized after the show that the date and time were out of sync by an hour and change.  Found out it is possible to shift image capture time by a specific interval using adobe bridge.  I screw up so you can learn from my errors!",87,2,0,0,2025-04-24T21:20:00+00:00,2025-11-24T13:21:47.080008+00:00
https://x.com/efficiency_d/status/1911608713691144563,"efficiency_d","Adobe Bridgeã®ã‚¹ã‚¯ãƒªãƒ—ãƒˆä½œã£ã¦ã‚‹ã‘ã©Illustratorã®ã‚¹ã‚¯ãƒªãƒ—ãƒˆã‚ˆã‚Šã‚‚ã€ãªã‹ãªã‹ã™ã‚“ãªã‚Šè¡Œã‹ãªã„ã€‚

ã§ã‚‚Illustratorã¨ã®é€£æºè€ƒãˆã‚‹ã¨çµ¶å¯¾ä¾¿åˆ©ã ãª",1406,13,1,0,2025-04-14T02:33:27+00:00,2025-11-24T13:21:47.080008+00:00
https://x.com/sanahappyphoto/status/1910696592413516224,"sanahappyphoto","PCã«RAWã‚’å–ã‚Šè¾¼ã‚“ã æ™‚ã€2022å¹´ã«è²·ã£ãŸprogradeSDã‚«ãƒ¼ãƒ‰ã®ã¿å…¨ã¦ã€ä»Šå¹´æ’®å½±ã—ãŸã‚‚ã®ãŒã€ã‚µãƒ ãƒè¡¨ç¤ºã•ã‚Œãªããªã‚Šã¾ã—ãŸã€‚

å…ˆæ—¥è²·ã£ãŸåŒã˜ã‚«ãƒ¼ãƒ‰ã¨ã€ã‚½ãƒ‹ãƒ¼ã®ã‚«ãƒ¼ãƒ‰ã¯ã‚µãƒ ãƒè¡¨ç¤ºã•ã‚Œã¾ã™ã€‚
åŒã˜ç¾è±¡ãŒèµ·ãã¦ã‚‹æ–¹ã€ã„ã¾ã™ã‹ï¼Ÿ
adobe bridgeã§ã¯ã€ç”»åƒã¯è¦‹ãˆã¾ã™ã€‚
windows11
#ã‚¢ãƒ«ãƒ•ã‚¡ãƒ›ãƒ“ãƒ¼éƒ¨",126,3,0,1,2025-04-11T14:09:01+00:00,2025-11-24T13:21:47.080008+00:00
https://x.com/camera_san/status/1903453227783438610,"camera_san","Adobe Bridgeã§ã€‚

ãƒ€ãƒ–ãƒ«ã‚¯ãƒªãƒƒã‚¯ã§PSãŒé–‹ã„ã¦ã—ã¾ã†â†’
Adobe ãƒ˜ãƒ«ãƒ—ãƒšãƒ¼ã‚¸ã®é–¢é€£ä»˜ã‘ã‚’è©¦ã—ã¦ã‚‚ãƒ€ãƒ¡ã€ãªæ–¹ã¸ã€‚

Bridgeç’°å¢ƒè¨­å®šã®ã€Œä¸€èˆ¬ã€â†’ã€Œå‹•ä½œã€â†’
ã€Œãƒ€ãƒ–ãƒ«ã‚¯ãƒªãƒƒã‚¯ã—ã¦CameraRawè¨­å®šã‚’Bridgeã§ç·¨é›†ã€

ã“ã“ã«ãƒã‚§ãƒƒã‚¯ã§è§£æ±ºã—ã¾ã™ã€‚

ãŠãŸã‚ã—ã‚ã‚Œ!!",390,2,0,0,2025-03-22T14:26:28+00:00,2025-11-24T13:21:47.080008+00:00
https://x.com/Kirukin_CG/status/1902660667020308639,"Kirukin_CG","Adobe Bridge ä½¿ã£ã¦ã„ã‚‹äººã«èããŸã„ã€‚
èµ·å‹•æ™‚ã«ã‚ˆãå›ºã¾ã‚Šã¾ã›ã‚“ï¼Ÿåƒ•ã€9å‰²è¿‘ãå›ºã¾ã‚‹ã‚“ã§ã™ã‚ˆã­ãƒ»ãƒ»ã€‚ãã—ã¦å¼·åˆ¶çµ‚äº†ã—ã¦ã‹ã‚‰ã€ã‚‚ã†ä¸€åº¦èµ·å‹•ã™ã‚‹ã¨ã†ã¾ãã„ãã€‚Adobeã•ã‚“ç›´ã—ã¦ãƒ»ãƒ»",8692,7,0,1,2025-03-20T09:57:07+00:00,2025-11-24T13:21:47.080008+00:00
https://x.com/tsutinoutsuwa/status/1898710101575569561,"tsutinoutsuwa","bridgeã®ã‚¹ã‚¿ãƒ¼ãƒˆã‚¢ãƒƒãƒ—ã‚¹ã‚¯ãƒªãƒ—ãƒˆãŒã‚¨ãƒ©ãƒ¼ã«ãªã‚‹ã®æ°—ã«ãªã£ã¦ãŸã‚“ã ãŒã€Twitterã§BOMä»˜ãã«ã™ã‚Œã°è§£æ±ºã¨è¦‹ã¤ã‘ã¦æ„Ÿè¬ã€‚ãªãœã‹ãƒ„ã‚¤ãƒ¼ãƒˆæ¶ˆãˆã¦ã‚‹ã‘ã©
""C:\Program Files\Common Files\Adobe\Startup Scripts CC\Adobe Bridge 2025\bridge-15.jsx"" ã‚’UTF8 BOMä»˜ã ã§ä¿å­˜ã—ç›´ã™ã ã‘",3556,3,4,0,2025-03-09T12:18:59+00:00,2025-11-24T13:21:47.080008+00:00
https://x.com/kingdukez/status/1884710760615440856,"kingdukez","how do i stop Adobe Bridge from installing like that U2 album?",46,0,0,0,2025-01-29T21:10:36+00:00,2025-11-24T13:21:47.080008+00:00
https://x.com/mmmiyama_D/status/1529432838306930689,"mmmiyama_D","Adobeã•ã‚“ãŒã™ã”ã„ã®ãƒªãƒªãƒ¼ã‚¹ã—ã¦ã¾ã—ãŸï¼ã€ŒAdobeæ°—ã«ãªã‚‹â€¦ã€ãªäººã¯ç„¡æ–™ã§ä½¿ãˆã‚‹ã“ã¡ã‚‰ã‚’ãœã²ï¼ä½¿ã„æ–¹ã¯ä¸€è¨€ã§ã„ã†ã¨Canâ—aã•ã‚“ã§ã™ï¼ˆç¬‘ï¼‰å‹•ç”»ãŒå¼±ã„ã®ã§ç·åˆåŠ›ã§ã¯Canâ—aã•ã‚“å‹åˆ©ãªã‚“ã§ã™ãŒã€ä»Šå¾ŒPremiereã¨ã„ã†ä¼å®¶ã®å®åˆ€ã§ãƒãƒ¼ã‚¸ãƒ§ãƒ³ã‚¢ãƒƒãƒ—ã—ãŸã‚‰å‹¢åŠ›å›³ãŒå¡—ã‚Šå¤‰ã‚ã‚Šãã†ã€‚è‰¯ã‹ã£ãŸã‚‰ãŠãŸã‚ã—ã‚’",0,1952,520,10,2022-05-25T12:02:58+00:00,2025-11-24T13:21:47.080008+00:00
https://x.com/guivissotto/status/1235256142303027200,"guivissotto","Parem de baixar outros programas pra visualizar a miniatura dos arquivos em .PSD! A maioria cria um cachÃª gigantesco com dezenas ou centenas de gigas em arquivos temporÃ¡rios que podem acabar deixando seu computador lento, sÃ©rio.

Adobe Bridge Ã© gratuito e original.",0,217,10,16,2020-03-04T17:29:48+00:00,2025-11-24T13:21:47.080008+00:00
https://x.com/byelacey/status/1220714521708388360,"byelacey","*accidentally clicks ""browse in bridge""*

me: ah, damn, no, sorry--
adobe: ooh just a second, hhh
me: no no you really don't--
adobe: just gimme a minute it's coming!
me: please don't
adobe: just a few more seconds",0,239,41,4,2020-01-24T14:26:36+00:00,2025-11-24T13:21:47.080008+00:00
https://x.com/creativecloudjp/status/920804133346488320,"creativecloudjp","#Illustrator ã«æ–°æ©Ÿèƒ½ #ãƒ‘ãƒšãƒƒãƒˆãƒ¯ãƒ¼ãƒ— ã‚’æ­è¼‰ã€‚ãƒ‘ã‚¹ã‚„ã‚¢ãƒ³ã‚«ãƒ¼ãƒã‚¤ãƒ³ãƒˆã‚’å€‹åˆ¥ã«èª¿æ•´ã™ã‚‹ã“ã¨ãªãã€ãƒ™ã‚¯ã‚¿ãƒ¼ã‚°ãƒ©ãƒ•ã‚£ãƒƒã‚¯ã‚’è‡ªç„¶ãªå½¢ã§ä¿®æ­£ã§ãã¾ã™ã€‚
https://
adobe.ly/2xPj74E #AdobeMAX",0,334,137,1,2017-10-19T00:09:47+00:00,2025-11-24T13:21:47.080008+00:00
https://x.com/big_Drew19/status/1992939933229805648,"big_Drew19","$ADBE (Adobe)

PT is  to $420

Wells Fargo reiterates Overweight

 Analyst trims target post-SEMR deal citing modest growth lift but margin drag; sees value in digital marketing synergy.",32,0,0,0,2025-11-24T12:54:41+00:00,2025-11-24T13:21:16.967179+00:00
https://x.com/ChanPerco/status/1992937755454669220,"ChanPerco","Fini le jonglage entre dix onglets pour gÃ©nÃ©rer vos visuels : le gÃ©ant de la retouche accueille dÃ©sormais l'un des moteurs d'images les plus puissants du moment, et croyez-moi, Ã§a va secouer vos habitudes crÃ©atives",57,0,0,0,2025-11-24T12:46:02+00:00,2025-11-24T13:21:16.967179+00:00
https://x.com/budar2025/status/1992693847210754557,"budar2025","yet another reason to say that it's morally correct to pirate adobe apps or at least switch to the now-free affinity which is legal  ğŸ«©",86,1,0,0,2025-11-23T20:36:50+00:00,2025-11-24T13:21:16.967179+00:00
https://x.com/yamo74/status/1992638734131744842,"yamo74","Macãƒ¦ãƒ¼ã‚¶ã€Finderã§é¸æŠã—ã¦ã„ã‚‹ã‚‚ã®ã‚’Adobe Bridgeã§é–‹ãã ã‘ã®AppleScriptã ã‚ˆ

Keyboard Maestroã§å®Ÿè¡Œã™ã‚‹ã¨ã‹ãªã‚Šæ—ã‚‹ã‚ˆâ€¦â€¦
Bridgeã®ãƒ•ã‚¡ã‚¤ãƒ«ãƒ–ãƒ©ã‚¦ã‚¶ã‹ã‚‰è¾¿ã£ãŸã‚Šã—ãªãã¦ã‚‚ã„ã„ã‚“ã ã‚ˆâ€¦â€¦

â€»ç‰¹ã«Dropbox",674,9,1,0,2025-11-23T16:57:50+00:00,2025-11-24T13:21:16.967179+00:00
https://x.com/TES_Dattan/status/1992424715315794299,"TES_Dattan","ãªã‚‹ã»ã©ã€ã“ã‚ŒãŒAffinityã‹â€¦
Adobeã®å¥‘ç´„ã¯ã‚ã¾ã‚Šã«é«˜ã„
ã§ã‚‚ã€ä»•äº‹ã§æ…£ã‚Œã¦ã„ã‚‹ãƒ„ãƒ¼ãƒ«ã ã‹ã‚‰ä½¿ã„ã‚„ã™ã„
ã¨ã‚Šã‚ãˆãšä»Šå¹´ã¯ãƒ–ãƒ©ãƒƒã‚¯ãƒ•ãƒ©ã‚¤ãƒ‡ãƒ¼ã®ã‚»ãƒ¼ãƒ«ã§åŠé¡å¥‘ç´„ã—ãŸã‘ã©ã€ä»Šå¾Œã®ã“ã¨ã‚’è€ƒãˆã‚‹ã¨ä½¿ã„æ–¹ã‚’è¦šãˆã¦ç§»è¡Œã—ãŸã»ã†ãŒã„ã„ã®ã‹ãªã",597,7,1,0,2025-11-23T02:47:24+00:00,2025-11-24T13:21:16.967179+00:00
https://x.com/DaniDvein/status/1992405044407468386,"DaniDvein","A dia de hoy ya ni es necesario piratear adobe. (En su dia si fui xd) Esta Affinity que es completamente gratuito, tenemos Davinci Resolve y muchas mas herramientas sin tener que desembolsar nada",85,1,0,0,2025-11-23T01:29:14+00:00,2025-11-24T13:21:16.967179+00:00
https://x.com/itseliem/status/1991808590517317718,"itseliem","i use adobe bridge for sorting my photos cause that's where i learned how to edit and i like the 5 star system there but for editing now i use lightroom
i need the adobe programs for university so i have to pay anyways ",35,0,0,0,2025-11-21T09:59:08+00:00,2025-11-24T13:21:16.967179+00:00
https://x.com/IndexBihar/status/1991791951117717708,"IndexBihar","â€œAdventure Adobeâ€ coming up at Telhar Kund, Kaimur!

Coming soon:
- Glass Bridge with stunning views
- 100m Suspension Bridge for thrill lovers

Bihar is getting a major adventure hotspot!",8326,522,42,9,2025-11-21T08:53:01+00:00,2025-11-24T13:21:16.967179+00:00
https://x.com/BiharInfraTales/status/1991784366125772968,"BiharInfraTales","DEFCC has applied for Forest Clearance for establishing an â€œAdventure Adobeâ€ at Telhar Kund in Kaimur.

Key components:

Glass Bridge (0.4442 Ha) â€“ A metal-fabricated, cable-stayed glass structure offering panoramic views.
Suspension Bridge (100 m)

Cost: â‚¹9.11cr",4472,157,12,4,2025-11-21T08:22:53+00:00,2025-11-24T13:21:16.967179+00:00
https://x.com/eguri89/status/1991700841099850083,"eguri89","Adobeã®ã‚»ãƒ¼ãƒ«ã‚’ã”å­˜ã˜ãªã„æ–¹ã¯ãœã²ã“ã¡ã‚‰ã®å‹•ç”»ã‚’ã”è¦§ãã ã•ã„ã€‚åœ§å€’çš„ã«å®‰ãä½¿ãˆã¾ã™ã€‚

7æœˆã®ãƒ—ãƒ©ã‚¤ãƒ ãƒ‡ãƒ¼ã§ã¯43,000å††ã§ã—ãŸãŒã€ä»Šå›ã¯51,000å††ã§ã™ã€‚

ãƒ—ãƒ©ã‚¤ãƒ ãƒ‡ãƒ¼å¾Œã®8æœˆã«ãƒ—ãƒ©ãƒ³ãŒåˆ·æ–°ã•ã‚Œã€ŒProç‰ˆã€ã¨ã€ŒStandardç‰ˆã€ã«åˆ†ã‹ã‚Œã¾ã—ãŸãŒã€ã‚»ãƒ¼ãƒ«ä¾¡æ ¼ã§Proç‰ˆã‚’ä½¿ã„ç¶šã‘ãŸã»ã†ãŒç¾çŠ¶å®‰ãä½¿ãˆã¾ã™ã€‚",90848,278,19,2,2025-11-21T02:50:59+00:00,2025-11-24T13:21:16.967179+00:00
https://x.com/Shine_C3/status/1991700640209490062,"Shine_C3","ä»Šå›ã®å€¤ä¸Šã’ã‚‚æ­£ç›´ç´å¾—ã¯ã—ã¦ãªã„ã‘ã©ã€ä¸€ç•ªæ„å‘³ä¸æ˜ãªã®ã¯AdobeStockã®æ‰±ã„ã€‚
ç„¡åˆ¶é™ã«ä½¿ãˆã¾ã™ï¼
ã‘ã©ã€ã‚¯ãƒ©ã‚¤ã‚¢ãƒ³ãƒˆå‘ã‘ã®ãƒ—ãƒ­ã‚¸ã‚§ã‚¯ãƒˆï¼ˆæˆæœç‰©ã®åˆ¶ä½œï¼‰ã«ã¯ä½¿ã£ã¡ã‚ƒé§„ç›®ã§ã™ï¼
ã“ã®ãƒšãƒ¼ã‚¸ã«ä¸Šã’ã¦ã„ã‚‹ãƒ¡ãƒªãƒƒãƒˆã‚’ãƒ¡ãƒªãƒƒãƒˆã ã¨æ„Ÿã˜ã‚‹ä¼šç¤¾ã¯ä¸€æ¡ã‚Šã‚„ã‚ã€‚",75,2,0,0,2025-11-21T02:50:11+00:00,2025-11-24T13:21:16.967179+00:00
https://x.com/YUJI_id/status/1991653466700472452,"YUJI_id","ã€Fireflyãƒœãƒ¼ãƒ‰ã€‘Adobe Fireflyãƒœãƒ¼ãƒ‰ã«ã¯ã€ãŸãã•ã‚“ã®ï¼»ãƒ—ãƒªã‚»ãƒƒãƒˆï¼½ãŒç”¨æ„ã•ã‚Œã¦ã„ã¾ã™ï¼ˆç¾åœ¨30å€‹ï¼‰ã€‚ã©ã‚Œã‚‚ã€éå¸¸ã«é¢ç™½ã„çµæœãŒå¾—ã‚‰ã‚Œã¾ã™ã®ã§ã€ãœã²è©¦ã—ã¦ã¿ã¦ãã ã•ã„ã€‚
#AdobeMAX
#AdobeCommunityEvangelist",465,2,1,0,2025-11-20T23:42:44+00:00,2025-11-24T13:21:16.967179+00:00
https://x.com/telopdesignlab/status/1991478883284361700,"telopdesignlab","ã€12/1ã¾ã§Adobe FireflyãŒç„¡åˆ¶é™ã§ä½¿ç”¨å¯èƒ½ï¼ã€‘

Premiereã®ãƒãƒ¼ã‚¸ãƒ§ãƒ³25.6ï¼ˆï¼Ÿï¼‰ä»¥é™ã€ã€Œãƒ•ã‚¡ã‚¤ãƒ«ã€ãƒ¡ãƒ‹ãƒ¥ãƒ¼ã«ã€ŒAdobe Fireflyã§ç”Ÿæˆã€ã¨ã€ŒAdobe Firefly Boardsã§ãƒ–ãƒ¬ã‚¤ãƒ³ã‚¹ãƒˆãƒ¼ãƒŸãƒ³ã‚°ã€ãŒè¿½åŠ ã•ã‚Œã¾ã—ãŸ
12/1ã¾ã§ã¯ã‚¯ãƒ¬ã‚¸ãƒƒãƒˆæ¶ˆè²»ãªã—ã§ç„¡åˆ¶é™ã«ä½¿ç”¨å¯èƒ½ã§ã™ã®ã§ã€ãœã²ãŠè©¦ã—ãã ã•ã„ã€‚

",3181,27,1,0,2025-11-20T12:09:00+00:00,2025-11-24T13:21:16.967179+00:00
https://x.com/MatheusFMdB/status/1991187005242319040,"MatheusFMdB"," Mizuho Securities Adjusts Adobe $ADBE Price Target to $390 From $410, Maintains Outperform Rating",72,1,1,0,2025-11-19T16:49:11+00:00,2025-11-24T13:21:16.967179+00:00
https://x.com/zenfakee/status/1991148637750280533,"zenfakee","the single software adobe has actually made that is good and works",110,2,0,1,2025-11-19T14:16:43+00:00,2025-11-24T13:21:16.967179+00:00
https://x.com/yucodesign/status/1991098124039864733,"yucodesign","Adobe Photoshopã§è‡ªç”±ã«ãƒ‡ã‚¶ã‚¤ãƒ³ï¼
Black Friday ã‚»ãƒ¼ãƒ«ï¼Adobe Creative Cloud Pro ã‚„Adobe Photoshop ãªã©ãŒä»Šã ã‘åˆå¹´åº¦åŠé¡ã€‚11/28(é‡‘)ã¾ã§ã€‚
ã€PRã€‘ã€ã‚¢ãƒ‰ãƒ“ã€‘ã€Creative Cloud Proã€‘
@creativecloudjp",5450,194,5,0,2025-11-19T10:56:00+00:00,2025-11-24T13:21:16.967179+00:00
https://x.com/architrave123/status/1990918188863836205,"architrave123","ãƒãƒ¼ãƒˆãƒ•ã‚©ãƒªã‚ªã‚µã‚¤ãƒˆã¯æ¿€å®‰ã‚µãƒ¼ãƒãƒ¼ãªã©ã„ã‚ã„ã‚è©¦ã—ã¦ã€ã‚¢ãƒ‰ãƒ“ã®adobeportfolioã«è½ã¡ç€ãã¾ã—ãŸã€‚
adobeCCã«å…¥ã£ã¦ã‚Œã°ä½¿ãˆã‚‹ã®ã§ã‚ªã‚¹ã‚¹ãƒ¡ã§ã™ã€‚",355,0,0,0,2025-11-18T23:01:00+00:00,2025-11-24T13:21:16.967179+00:00
https://x.com/SchulungenNbg/status/1990852505664901399,"SchulungenNbg","Optimieren Sie ArbeitsablÃ¤ufe in #Adobe #Photoshop, #InDesign, #Illustrator & Bridge! Erledigen Sie mÃ¼hsame Schritte per Knopfdruck und gewinnen Sie Zeit fÃ¼r mehr KreativitÃ¤t! In unserem #Kurs lernen Sie, wie Sie Routineaufgaben automatisieren kÃ¶nnen.  
https://
wildkolleg.de/?wk=1226",212,0,0,0,2025-11-18T18:40:00+00:00,2025-11-24T13:21:16.967179+00:00
https://x.com/sachimitsu_e/status/1990797225275109623,"sachimitsu_e","ä»Šæ—¥ã¯æœã‹ã‚‰ã‚¤ãƒ©ãƒ¬ã®ä¸å…·åˆã§
ãƒã‚¿ãƒã‚¿ã—ã¦ãŠã‚Šã¾ã—ãŸ
adobe bridgeã‚‚æ„›ç”¨ä¸­ãªã®ã§
å…¥åŠ›ã®ä½œæ¥­ã§ããªãã¦ç„¦ã‚‹â€¦

Xã®ãŠã‹ã’ã§ã€å…¨ä½“çš„ãªä¸å…·åˆãªã®ã‹
ç§ã®PCã®å•é¡Œãªã®ã‹ãŒ
æ¤œç´¢ã—ã¦ã™ãã«åˆ¤æ˜ã—
ã¡ã‚‡ã£ã¨å®‰å¿ƒ

è§£æ±ºç­–ã‚‚æµã‚Œã¦ã„ã¦
æœ¬å½“ã«åŠ©ã‹ã‚Šã¾ã—ãŸ",379,5,1,0,2025-11-18T15:00:20+00:00,2025-11-24T13:21:16.967179+00:00
https://x.com/aco___xyz/status/1990712069478625705,"aco___xyz","ãªã‚“ã‹Bridgeã®æ§˜å­ãŒãŠã‹ã—ã„ã¨æ€ã£ãŸã‚‰Adobeä¸å…·åˆã ãã†ã§ã€‚ã†ã¡ã®å ´åˆã¯ãªã‚“ã¨ã‹ä»•äº‹å‡ºæ¥ã‚‹ã—ã‚ã¨å°‘ã—ã§çµ‚ã‚ã‚‹ã‹ã‚‰ã„ã„ã‘ã©å›°ã£ã¦ã„ã‚‹äººã„ã£ã±ã„ã„ã‚‹æ¨¡æ§˜â€¦ã€‚",802,2,0,1,2025-11-18T09:21:57+00:00,2025-11-24T13:21:16.967179+00:00
https://x.com/Oborose/status/1990702458721742870,"Oborose","Adobeè£½å“ãŒèµ·å‹•ãƒ»æ­£å¸¸ãªå‹•ä½œãŒã§ããªãã¦ãŠå›°ã‚Šã®æ–¹ã¸ã€‚

ãƒ»Wi-Fiåˆ‡ã‚‹
ãƒ»æœ‰ç·šã‚’ç„¡åŠ¹ã«ã™ã‚‹ï¼ˆã‚±ãƒ¼ãƒ–ãƒ«ç›´æ¥æŠœã„ã¦ã‚‚ã„ã„ï¼‰
ãƒ»Shift+Alt+Ctrl (command)æŠ¼ã—ãªãŒã‚‰èµ·å‹•ã§ç’°å¢ƒãƒªã‚»ãƒƒãƒˆï¼ˆãƒ¯ãƒ¼ã‚¯ã‚¹ãƒšãƒ¼ã‚¹ã¨ã‹åˆæœŸåŒ–ã•ã‚Œã‚‹ã®ã§æ³¨æ„ï¼‰
ãƒ»ãƒ•ã‚¡ã‚¤ãƒ«é–‹ã
ãƒ»å‹•ä½œç¢ºèªã—ãŸã‚‰ãƒãƒƒãƒˆãƒ¯ãƒ¼ã‚¯ç¹‹ã

ã“ã‚Œã§è§£æ±ºã—ã¾ã—ãŸã€‚",889,18,8,0,2025-11-18T08:43:46+00:00,2025-11-24T13:21:16.967179+00:00
https://x.com/kelly__photo/status/1990684215382606309,"kelly__photo","Adobeã‚¢ãƒ—ãƒªãŒèµ·å‹•ã—ãªã„å•é¡ŒãŒã‚ã‚‹ã‚ˆã†ã ãŒã€ç§ã¯Bridgeã®ã‚¯ã‚¤ãƒƒã‚¯æ¤œç´¢ãŒä½¿ãˆãªã„ãã‚‰ã„ã§ã‚ã‚‹<(*Â¯ê’³Â¯*)>ï½´ï½¯ï¾ï¾",289,4,0,0,2025-11-18T07:31:16+00:00,2025-11-24T13:21:16.967179+00:00
https://x.com/higumania/status/1990650504108781782,"higumania","Adobe Bridgeã‚‚ã­ã€ã‚ˆã‚ã—ããªã„ã§ã™ã€‚èª¤é­”åŒ–ã—ãªãŒã‚‰å‹•ã‹ã—ã¦ãªã‚“ã¨ã‹ã‚­ãƒªã®ã„ã„ã¨ã“ã‚ã¾ã§ã‚„ã£ãŸã‘ã©ã‚‚ã†ä»Šæ—¥ã¯ä»•æ–¹ãªã„ã€‚æ˜æ—¥å¾©æ—§ã‚’ç¥ˆã‚‹ã®ã¿ã€‚",228,1,0,0,2025-11-18T05:17:19+00:00,2025-11-24T13:21:16.967179+00:00
https://x.com/Chin_thakan/status/1990647055145136627,"Chin_thakan","à´ªàµà´°à´®àµà´– à´¹àµ—à´¸àµ à´µà´¾à´®à´¿à´‚à´—àµ à´µàµ€à´¡à´¿à´¯àµ‹ à´Ÿàµà´°àµ†àµ»à´¡àµ à´šàµ†à´¯àµà´¯àµà´¨àµà´¨à´¤à´¿àµ½ à´µàµ†àµ½à´•àµà´•à´‚ à´Ÿàµ‚ à´”àµ¼ Adobe à´à´¨àµà´¨à´¾à´£àµ à´¬àµ‹àµ¼à´¡àµ à´‡à´°à´¿à´•àµà´•àµà´¨àµà´¨à´¤àµ.

à´µàµ€à´Ÿà´¿à´¨àµ à´ªàµŠà´¤àµà´µàµ† Abode à´à´¨àµà´¨à´¾à´£àµ à´‰à´ªà´¯àµ‹à´—à´¿à´•àµà´•à´¾à´±àµ. Adobe à´à´¨àµà´¨à´¤àµ à´•à´³à´¿à´®à´£àµà´£àµ/à´šàµ†à´³à´¿ à´…à´¤àµ à´•àµŠà´£àµà´Ÿàµ à´‰à´£àµà´Ÿà´¾à´•àµà´•à´¿à´¯ à´•àµà´Ÿà´¿àµ½ à´à´¨àµà´¨àµŠà´•àµà´•àµ† à´†à´£àµ à´…àµ¼à´¤àµà´¥à´‚.

Melcow à´®àµ‹à´®àµ†à´¨àµà´±àµ à´†à´£àµ‹ à´†à´£àµ‹ à´…à´¤àµ‹ à´ˆ à´ªà´¾à´µà´ªàµà´ªàµ†à´Ÿàµà´Ÿà´µà´¨àµà´±àµ† à´•àµà´Ÿà´¿àµ½ à´à´¨àµà´¨à´¾à´£àµ‹!",1478,21,1,2,2025-11-18T05:03:37+00:00,2025-11-24T13:21:16.967179+00:00
https://x.com/EmiHoshiko_/status/1990638707989450902,"EmiHoshiko_","me using adobe is like me staying in a toxic relationship for years knowing it's ass but it's too convenient to not leave.

but now he's literally giving nothing. the only reason i stayed was the cloud. now it dont sync. psd update fail. cant detect my tourbox. push AI in my face",374,4,0,1,2025-11-18T04:30:26+00:00,2025-11-24T13:21:16.967179+00:00
https://x.com/kusurinooq/status/1990626429386829858,"kusurinooq","Adobeã‚¢ãƒ—ãƒªã®ä¸èª¿ã€Bridgeã®ãƒ†ã‚­ã‚¹ãƒˆæ¤œç´¢ã‚‚ã§ããªã„ã‚ã€‚ãƒãƒƒãƒˆã‚’åˆ‡ã‚‹ã¨ã§ãã‚‹ã‚ˆã†ã«ãªã‚‹ã¨ã„ã†ã“ã¨ã¯ã€ä½•ã‚‰ã‹ã®å½¢ã§å…¥åŠ›ã—ãŸãƒ†ã‚­ã‚¹ãƒˆã‚’ã‚µãƒ¼ãƒãƒ¼ã«é€ã£ã¦ãŸç–‘æƒ‘ãŒã€‚",555,1,2,0,2025-11-18T03:41:39+00:00,2025-11-24T13:21:16.967179+00:00
https://x.com/Yuki_Fretive/status/1990619581782897089,"Yuki_Fretive","Adobeè£½å“å…¨ä½“ãŒã‚¨ãƒ©ãƒ¼ä¸­ 
å…¬å¼è¦‹è§£ã§ã¯ãªã„ã‘ã©å¯¾ç­–ã¯ã‚ã‚‹ã¿ãŸã„ãªã®ã§
ä½¿ãˆã¦ã¾ã™ãŒã€ãƒãƒƒãƒˆãƒ¯ãƒ¼ã‚¯åˆ‡ã‚‰ãªã„ã¨ã„ã‘ãªã„ã—ã€æ™®é€šã«ä½¿ãˆãªã„ã®ã¯å°‘ã—ä¸ä¾¿ã ",448,1,0,0,2025-11-18T03:14:26+00:00,2025-11-24T13:21:16.967179+00:00
https://x.com/takanoma566/status/1990599227236610313,"takanoma566","Adobeã®ä¸å…·åˆã€ã‚¤ãƒ©ãƒ¬ã‚‚ãã†ã ã‘ã©ã€Bridgeã‚‚ä¸å…·åˆå‡ºã¦ã‚‹ã€‚
ãƒ•ã‚¡ã‚¤ãƒ«åã‚’å¤‰ãˆãŸã„ã®ã«å…¨ç„¶ã‚¯ãƒªãƒƒã‚¯å‡ºæ¥ãªã„ã€‚
ã‚ªãƒ•ãƒ©ã‚¤ãƒ³çŠ¶æ…‹ã«ã™ã‚Œã°ä½¿ãˆã‚‹ã‘ã©ã€ä¸€ä½“ã‚ªãƒ³ãƒ©ã‚¤ãƒ³ã§ä½•ã‚’ã—ã¦ãŸï¼Ÿ
AIç”Ÿæˆã®ãŸã‚ã«å€‹äººã®ä½œå“ã‚’æŠœãå–ã£ã¦ã‚‹ã¨ã—ã‹æ€ãˆãªã„ã€‚",843,1,1,1,2025-11-18T01:53:33+00:00,2025-11-24T13:21:16.967179+00:00
https://x.com/arataimai/status/1990593428988858876,"arataimai","Adobe Bridgeã§ã€ŒCamera Raw ç·¨é›†æ©Ÿèƒ½ãŒæœ‰åŠ¹ã«ãªã£ã¦ã„ã¾ã›ã‚“ã€ã¨è¨€ã‚ã‚Œã¦ã—ã¾ã„ã€ä½•è©¦ã—ã¦ã‚‚ãƒ€ãƒ¡ã§ã€ã¤ã„ã«OSã‚¢ãƒƒãƒ—ãƒ­ãƒ¼ãƒ‰ã—ã¾ã™ã€‚ãªã‚“ã‚„ã­ã‚“",2487,2,2,0,2025-11-18T01:30:31+00:00,2025-11-24T13:21:16.967179+00:00
https://x.com/comidoc/status/1990552211861221598,"comidoc","Adobe Muse

 1.1 hours
 3.65
 2,071
 Oct 2016
 FREE


https://
comidoc.com/udemy/building
-a-website-from-scratch-adobe-muse?utm_source=twitter&utm_medium=free&utm_campaign=2025-11
â€¦

#AdobeMuse #WebDesign #Design #udemy",111,2,0,0,2025-11-17T22:46:44+00:00,2025-11-24T13:21:16.967179+00:00
https://x.com/AparicioCadiz/status/1990530536662839385,"AparicioCadiz","Adobe $ADBE sigue cayendo y cotiza a precio de empresa del montÃ³n, siendo una de las mejores empresas del mundo, con un modelo SAAS con altas barreras de entrada, recurrencia y uno de los retornos mÃ¡s altos sobre el capital invertido del mercado.",14668,117,11,11,2025-11-17T21:20:36+00:00,2025-11-24T13:21:16.967179+00:00
https://x.com/nationaljuche/status/1990525793274130766,"nationaljuche","replace adobe with:

affinity photo
davinci resolve",269,6,1,0,2025-11-17T21:01:45+00:00,2025-11-24T13:21:16.967179+00:00
https://x.com/McBullish/status/1990507683997495767,"McBullish","here are my few cents on why adobe actually is a good buy. Thanks for your insights.


https://
northerncompounding.substack.com/p/adobe-a-qual
ity-compounder-hidden?r=1w705f&utm_campaign=post&utm_medium=web&triedRedirect=true
â€¦",120,1,0,1,2025-11-17T19:49:48+00:00,2025-11-24T13:21:16.967179+00:00
https://x.com/mannin/status/1990316960085876782,"mannin","Adobeãƒ¦ãƒ¼ã‚¶ãƒ¼å„ä½ï¼šadobe bridge 2025ã®ãƒªãƒªãƒ¼ã‚¹ãƒãƒ¼ãƒˆã£ã¦ã€ã‚‚ã—ã‹ã—ã¦ä»Šã‚‚ã¾ã å‡ºã¦ãã¦ãªã„ï¼Ÿ",226,0,0,0,2025-11-17T07:11:56+00:00,2025-11-24T13:21:16.967179+00:00
https://x.com/pkn32569/status/1989387556124070359,"pkn32569","Adobe Bridgeã‚’ä¹…ã—ã¶ã‚Šã«ç«‹ã¡ä¸Šã’ãŸã€‚",99,0,0,0,2025-11-14T17:38:49+00:00,2025-11-24T13:21:16.967179+00:00
https://x.com/WTHRcom/status/1989345128926863542,"WTHRcom","Indianapolis says crews discovered 1,709 grave shafts from the site of a 19th century cemetery where a new bridge is being built in Indianapolis.
 
Here's where they were found: 
https://
wthr.com/article/news/l
ocal/henry-street-bridge-project-excavation-grave-shafts-remains-greenlawn-cemetery/531-a6c5b517-1783-4ca4-9be6-cada2e7c7010
â€¦Â 
 
(: Adobe Stock)",2439,4,1,1,2025-11-14T14:50:13+00:00,2025-11-24T13:21:16.967179+00:00
https://x.com/Adiva_Farida/status/1987974075130748948,"Adiva_Farida","I just finished my exams when I made this, so my creative juice wasnâ€™t flowing as it should (brain was strained from all the academic work)

However, I was still able to deliver, and Toki was pleased!

Light Client Bridge, artistically depicted

Really, nobody does it better ",14806,805,64,33,2025-11-10T20:02:08+00:00,2025-11-24T13:21:16.967179+00:00
https://x.com/ProDesignTools/status/1986119244963045634,"ProDesignTools","It's true: Adobe Bridge 2026 is 100% free for you to download and use forever, with no subscription:",91,1,0,0,2025-11-05T17:11:42+00:00,2025-11-24T13:21:16.967179+00:00
https://x.com/ichinoseyuta/status/1985581330483331530,"ichinoseyuta","Adobe BridgeãŒFinderã‹ã‚‰ãƒ•ã‚©ãƒ«ãƒ€ãƒ‰ãƒ©ãƒƒã‚°ã§é–‹ã‹ãªããªã£ã¦ã‚‹â€¦ã€‚ã»ã‚“ã¨ã“ã†ã„ã†åœ°å‘³ãªä»•æ§˜å¤‰æ›´ã£ã‚ã¡ã‚ƒãã¡ã‚ƒä¸ä¾¿ã ã‹ã‚‰ã‚„ã‚ã¦ãã‚Œï¼ï¼ï¼ï¼ï¼",494,2,0,1,2025-11-04T05:34:14+00:00,2025-11-24T13:21:16.967179+00:00
https://x.com/ashari_sub/status/1980201835911954441,"ashari_sub","Adobe Bridgeä½¿ãˆã‚‹ã¨åŠ¹ç‡ä¸ŠãŒã‚‹ãã‚©
by é€šã‚Šã™ãŒã‚Šã®ç·¨é›†äºº",248,9,0,1,2025-10-20T09:18:02+00:00,2025-11-24T13:21:16.967179+00:00
https://x.com/y_sanpo/status/1979968123089641857,"y_sanpo","Adobe Bridgeã£ã¦ãªã‚“ã§ã™ãã«è½ã¡ã‚‹ã®â€¦ã€‚",89,0,0,0,2025-10-19T17:49:21+00:00,2025-11-24T13:21:16.967179+00:00
https://x.com/narudesign_dev/status/1979348578968703064,"narudesign_dev","Adobe Bridgeã«ãƒ’ã‚¹ãƒˆã‚°ãƒ©ãƒ è¡¨ç¤ºæ©Ÿèƒ½ç„¡ã‹ã£ãŸã£ã‘ï¼Ÿé§„ç›®ã˜ã‚ƒã‚“",47,0,0,0,2025-10-18T00:47:30+00:00,2025-11-24T13:21:16.967179+00:00
https://x.com/ganyujapan/status/1977958939661861081,"ganyujapan","Adobe Bridgeä½¿ã£ã¦ã‚‹æ–¹ã„ã‚‰ã£ã—ã‚ƒã„ã¾ã™ã‹ï¼Ÿ

ã‚¢ãƒ—ãƒªå†…ã§ãƒ•ã‚¡ã‚¤ãƒ«åå¤‰æ›´ã™ã‚‹æ™‚ã€ã€ŒIMG_1234ã®ã‚³ãƒ”ãƒ¼.jpgã€ã®æ§˜ã«ãƒ•ã‚¡ã‚¤ãƒ«åã«ã€Œãƒ”ã€ã¨åŠæ¿ç‚¹ãŒã¤ã„ã¦ã„ã‚‹å ´åˆã€ãƒãƒƒã‚¯ã‚¹ãƒšãƒ¼ã‚¹ã§æ¶ˆãã†ã¨ã™ã‚‹ã¨ã‚ã£ã¡ã‚ƒãƒã‚°ã‚Šã¾ã›ã‚“ï¼Ÿ

ã‚ã‚ŒãŒã‚ã¡ã‚ƒãã¡ã‚ƒã‚¤ãƒ©ã‚¤ãƒ©ã™ã‚‹ã®ã§ã™ãŒåˆ†ã‹ã‚‹äººã„ãªã„ã‹ãªã¨æ€ã„æ›¸ãã¾ã—ãŸã€‚",3296,5,3,1,2025-10-14T04:45:34+00:00,2025-11-24T13:21:16.967179+00:00
https://x.com/izumi_D_mayo/status/1976463142411698674,"izumi_D_mayo","Adobe bridgeã§ã®ãƒ¬ãƒ¼ãƒ†ã‚£ãƒ³ã‚°ãŒâŒ˜æŠ¼ã•ãªã„ã¨ã§ããªããªã£ã¦ã‚‹ï¼ï¼ï¼ï¼
ã†ã†ã†ã†ï¼ï¼ï¼å›°ã‚‹ï¼ç›´ã™æ–¹æ³•ã‚ã‚‹ï¼Ÿãƒ¼",79,1,0,0,2025-10-10T01:41:48+00:00,2025-11-24T13:21:16.967179+00:00
https://x.com/HiroWat0504/status/1969386307253387535,"HiroWat0504","Adobe bridgeãŒç„¡å°½è”µã«ãƒ¡ãƒ¢ãƒªã‚’é£Ÿã„å°½ãã—ã¦ä¸¦è¡Œã—ã¦ä½œæ¥­ã§ããªã„â€¦
32GBã¤ã‚“ã§ã‚‹ã®ã«ä»–ã®ã“ãã™ã‚‹ã¨ã™ãè½ã¡ã‚‹â€¦",186,0,0,0,2025-09-20T13:00:59+00:00,2025-11-24T13:21:16.967179+00:00
https://x.com/ArcGISPro/status/1967982206153871509,"ArcGISPro","#ArcGIS Maps for Adobe Creative Cloud is a bridge that connects #Esri's powerful mapping capabilities with #Adobe Illustrator. Experience what's possible with a curated series of tutorials to get started: 
https://
ow.ly/muh450WWajq",1110,13,4,1,2025-09-16T16:01:35+00:00,2025-11-24T13:21:16.967179+00:00
https://x.com/sonidesignerx/status/1967157947370471923,"sonidesignerx","ØªØ¹Ø±Ù Ø¥Ù†Ùƒ Ù…Ù…ÙƒÙ† ØªØ³ØªØ®Ø¯Ù… Adobe Bridge Ø¹Ù„Ø´Ø§Ù† ØªØ³ØªØ¹Ø±Ø¶ ÙƒÙ„ Ø§Ù„Ù€ Presets Ø§Ù„Ø¬Ø§Ù‡Ø²Ø© Ø§Ù„Ù„ÙŠ ÙÙŠ After EffectsØŸ 
ÙˆÙƒÙ…Ø§Ù† ØªÙ‚Ø¯Ø± ØªØ·Ø¨Ù‚Ù‡Ø§ Ù…Ø¨Ø§Ø´Ø±Ø© Ø¬ÙˆÙ‡ After Effects Ù…Ù† ØºÙŠØ± Ù…Ø§ ØªÙ„Ù ÙƒØªÙŠØ± 

Ù„Ø£Ù† Ø¹Ø¯Ø¯Ù‡Ø§ ÙƒØ¨ÙŠØ± Ø¬Ø¯Ø§ØŒ ÙØ¯ÙŠ Ø·Ø±ÙŠÙ‚Ø© Ø­Ù„ÙˆØ© ÙˆÙ…Ø±ØªØ¨Ø© ØªØ³ØªØ¹Ø±Ø¶ Ø¨ÙŠÙ‡Ø§ ÙƒÙ„ Ø§Ù„Ø¨Ø±ÙŠØ³ØªØ³ 
 Ø±Ø§Ø¨Ø· ÙÙŠØ¯ÙŠÙˆ ÙŠÙˆØ¶Ø­ Ø§Ù„Ø·Ø±ÙŠÙ‚Ø©

https://
youtube.com/watch?v=oXe-ga
K_0t0
â€¦",351,6,0,0,2025-09-14T09:26:17+00:00,2025-11-24T13:21:16.967179+00:00
https://x.com/khurpenchh/status/1966051605578453021,"khurpenchh","à¤•à¥à¤› à¤¯à¥à¤—à¤¾à¤‚à¤¡à¤¾ à¤•à¥€ à¤¸à¤¿à¤²à¤¿à¤•à¥‰à¤¨ à¤µà¥ˆà¤²à¥€ à¤®à¥‡à¤‚ à¤•à¤¾à¤® à¤•à¤°à¤¨à¥‡ à¤µà¤¾à¤²à¥‡ adobe illustrator ( à¤œà¤¿à¤¸à¤¸à¥‡ pdf à¤¬à¤¨à¤¾à¤ˆ à¤—à¤ˆ) à¤•à¥‹ adobe lightroom à¤”à¤° adobe breach à¤•à¥‡ bug à¤¸à¥‡ à¤•à¤‚à¤ªà¥‡à¤¯à¤° à¤•à¤° à¤°à¤¹à¥‡ à¤¹à¥ˆà¤‚, 
à¤œà¤¿à¤¨à¤•à¥‹ à¤¯à¥‡ à¤¨à¤¹à¥€à¤‚ à¤ªà¤¤à¤¾ à¤•à¤¿ adobe lightroom à¤”à¤° adobe Breach à¤¦à¥‚à¤¸à¤°à¥‡ à¤¸à¥‰à¤«à¥à¤Ÿà¤µà¥‡à¤¯à¤°à¥à¤¸ à¤¹à¥ˆà¤‚à¥¤

à¤”à¤° à¤¯à¥‡ 14 à¤¸à¤¾à¤² à¤ªà¥à¤°à¤¾à¤¨à¤¾ 2011 à¤•à¤¾ Lightroom à¤•à¤¾ bug à¤¹à¥ˆ à¤¥à¤¾ à¤œà¥‹",53522,593,128,11,2025-09-11T08:10:04+00:00,2025-11-24T13:21:16.967179+00:00
https://x.com/Arteymas_/status/1965519727754969546,"Arteymas_","El Proyecto Primrose de Adobe, un vestido interactivo hecho de textiles a escala que puede mostrar diseÃ±os creados con herramientas de Adobe como Firefly e Illustrator, presentado por primera vez en Adobe MAX 2023 por la investigadora Christine Dierk.

 
https://
x.com/ali_alsama7i/s
tatus/1916077011694719138/video/1
â€¦",154924,693,99,12,2025-09-09T20:56:35+00:00,2025-11-24T13:21:16.967179+00:00
https://x.com/philly_foster/status/1963670178840916403,"philly_foster","Real talk who tf uses Adobe Bridge",465,2,0,2,2025-09-04T18:27:08+00:00,2025-11-24T13:21:16.967179+00:00
https://x.com/8270eth/status/1963298588680712279,"8270eth","Adobe Bridge is underrated.",209,2,0,2,2025-09-03T17:50:34+00:00,2025-11-24T13:21:16.967179+00:00
https://x.com/AllaAisling/status/1961824884301955154,"AllaAisling","Iâ€™m so excited to share some big news â€” Iâ€™ve been invited to join Adobeâ€™s AI Creator Ambassador Program.

This means a lot to me. 
@Adobe
 tools have been part of my creative journey for as long as I can remember, helping me turn strange visions and bold ideas into something real.",11093,316,25,108,2025-08-30T16:14:36+00:00,2025-11-24T13:21:16.967179+00:00
https://x.com/C0LINBRDGRT0N/status/1957242465083433121,"C0LINBRDGRT0N","random but does anyone know an alternative to adobe bridge?",205,0,0,0,2025-08-18T00:45:42+00:00,2025-11-24T13:21:16.967179+00:00
https://x.com/hanawa_pixels/status/1956014792994644148,"hanawa_pixels","ã¨ã‚Šã‚ãˆãšã€2å°ã®MacBook Proã®Adobe Bridgeã¨Lightroom Classic ã®ã‚¢ãƒƒãƒ—ãƒ‡ãƒ¼ãƒˆã¯ç„¡äº‹ã«å®Œäº†ã€‚",2087,30,1,1,2025-08-14T15:27:22+00:00,2025-11-24T13:21:16.967179+00:00
https://x.com/tarsprotocol/status/1954858074256064611,"tarsprotocol","Apple. AWS. Adobe. NVIDIA. Google. Solana.....

TARS is hardwiring intelligence into the worldâ€™s most trusted ecosystems, creating a direct bridge between enterprise tech and retail.

The intersection where scale meets decentralization.",251589,906,213,105,2025-08-11T10:50:59+00:00,2025-11-24T13:21:16.967179+00:00
https://x.com/kaz_pano/status/1953299758677934449,"kaz_pano","Adobe Bridgeã•ã‚“ã›ã£ã‹ãèª¿æ•´ã—ãŸRAWãƒ‡ãƒ¼ã‚¿ã‚¯ãƒ©ãƒƒã‚·ãƒ¥ã—ã¦é£›ã¶ã®ã‚„ã‚ã¦",210,2,0,0,2025-08-07T03:38:47+00:00,2025-11-24T13:21:16.967179+00:00
https://x.com/gebrauchsmusik/status/1952633583857811657,"gebrauchsmusik","Canâ€™t sleep redownloading adobe bridge",71,0,0,0,2025-08-05T07:31:39+00:00,2025-11-24T13:21:16.967179+00:00
https://x.com/blacksheeptokyo/status/1951057014928605505,"blacksheeptokyo","Adobe Bridge 15.1.1ã§ä¹…ã—ã¶ã‚Šã«ExtendScriptã„ã˜ã£ãŸã‚‰ç¾åœ¨ç«‹ã¡ä¸ŠãŒã£ã¦ã„ã‚‹è¤‡æ•°ã®ã‚¦ã‚¤ãƒ³ãƒ‰ã‚¦ã®æƒ…å ±å–å¾—ã§ããŸã€‚",142,2,0,0,2025-07-31T23:06:55+00:00,2025-11-24T13:21:16.967179+00:00
https://x.com/Marsa_Ltd/status/1948941354333032812,"Marsa_Ltd","â—†ãƒ•ã‚©ãƒˆã‚·ãƒ§ãƒƒãƒ—ã§ç°¡å˜ï¼å†™çœŸè£œæ­£ã€€Camera Raw ãƒ•ã‚£ãƒ«ã‚¿ãƒ¼

å¤§å‹å°åˆ·ç‰©ã«ä½¿ç”¨ã™ã‚‹ç”»åƒã‚’ãƒ•ã‚©ãƒˆã‚·ãƒ§ã§è£œæ­£ã§ãã‚‹ã¨çŸ¥ã‚Šã€ã‚„ã£ã¦ã¿ãŸã€‚

â‘ Adobe Bridgeã§ç”»åƒã‚’é–‹ã
â‘¡ãƒ•ã‚¡ã‚¤ãƒ«ã‚’å³ã‚¯ãƒªãƒƒã‚¯ã—ã¦Camera Rawã§é–‹ã
â‘¢ã‚¹ãƒ¼ãƒ‘ãƒ¼è§£åƒåº¦ã‚’é©ç”¨
ã€€Camera Rawï¼å³ã‚¯ãƒªãƒƒã‚¯ï¼å¼·åŒ–",173,0,0,0,2025-07-26T03:00:03+00:00,2025-11-24T13:21:16.967179+00:00
https://x.com/toyboyninja/status/1947678320512143739,"toyboyninja","comfyui ã®ç”»åƒä¿å­˜ã€jpgã«å¤‰æ›´ã—ãŸã€‚ç†ç”±ã¯ adobe bridgeã‹ã‚‰ã€camera raw ç·¨é›†ã§ãã‚‹ã‹ã‚‰ã€‚ã‚¹ãƒ¼ãƒ‘ãƒ¼è§£åƒåº¦ã‚‚ã‚ã‚‹ã—ã€lightroom ã¾ã§ã˜ã‚ƒãªã„ã€SNSã«ã¡ã‚‡ã£ã¨ã ã‘ãƒãƒ©ãƒ³ã‚¹ã„ã˜ã‚ŠãŸã„ã®ã«ä¾¿åˆ©ã‹ãªã€‚",102,1,0,1,2025-07-22T15:21:12+00:00,2025-11-24T13:21:16.967179+00:00
https://x.com/whale/status/1945507747698504027,"whale","Me: 
Yes this is the shortcut for outlines in illustrator.
Yes, it's Command option O.
Oops, not it's Command Shift O. 
No! Adobe Bridge go back to the hell you came from! QUIT! QUIT!",387,5,0,2,2025-07-16T15:36:07+00:00,2025-11-24T13:21:16.967179+00:00
https://x.com/madsmadsdk/status/1943637629657911646,"madsmadsdk","Scoping out a new vertical for my product.
The idea is basically Adobe Bridge for AI Tools.

Good idea or nah?",153,3,0,2,2025-07-11T11:44:56+00:00,2025-11-24T13:21:16.967179+00:00
https://x.com/efficiency_d/status/1943527922402496565,"efficiency_d","ã“ã‚Œå…¨ã¦ã®ãƒ‡ã‚¶ã‚¤ãƒŠãƒ¼ã«æœ—å ±ã§ã¯ï¼Ÿ
ä»ŠBridgeã‚’ã‚¢ãƒƒãƒ—ãƒ‡ãƒ¼ãƒˆã—ãŸã‚“ã ã‘ã©ã€ã€Œã‚¯ã‚¤ãƒƒã‚¯ã‚¢ã‚¯ã‚·ãƒ§ãƒ³ã€ãªã‚‹æ–°æ©Ÿèƒ½ãŒè¿½åŠ ã•ã‚Œã¦ã‚‹ã€‚
ã€ŒèƒŒæ™¯ã‚’å‰Šé™¤ã€ã¨ã‹ãŒAdobe ExpressçµŒç”±ï¼Ÿã§ã€Bridgeã‹ã‚‰ç°¡å˜ã«ã§ãã‚‹ã‚ˆã†ã«ãªã£ã¦ã‚‹ã€‚
ã¾ã å°‘ã—ã‹è©¦ã—ã¦ãªã„ã‘ã©Bridgeé »ç¹ã«ä½¿ã†èº«ã¨ã—ã¦ã¯æ¿€ã‚¢ãƒ„
#ãƒ‡ã‚¶ã‚¤ãƒŠãƒ¼",3251,41,6,0,2025-07-11T04:29:00+00:00,2025-11-24T13:21:16.967179+00:00
https://x.com/garvageart/status/1943032435001954407,"garvageart","If opening Adobe Bridge alone can bring laptop to a complete standstill, that's enough enough fury inside of me to finish this project",150,2,0,1,2025-07-09T19:40:06+00:00,2025-11-24T13:21:16.967179+00:00
https://x.com/jamiemahonphoto/status/1941784005239607625,"jamiemahonphoto","Audio people.
Is there a program/library that you use to organise audio? At the moment I have to open a file individually to listen to it.
I'm looking for something akin to Adobe bridge, ability to browse quickly, click a button to play.
Need something as I'm a bit overwhelmed",289,2,0,2,2025-07-06T08:59:18+00:00,2025-11-24T13:21:16.967179+00:00
https://x.com/MarcelAndRogie/status/1940965796504916377,"MarcelAndRogie","This is what Agoura Hills looked like when I moved there with my parents in 1976.

That bridge is where the Reyes Adobe offramp is today.

Look at all that traffic on the 101 Freeway!",6193,118,2,21,2025-07-04T02:48:01+00:00,2025-11-24T13:21:16.967179+00:00
https://x.com/capriciousinfo/status/1936941052784726261,"capriciousinfo","Adobe Bridgeã®ãƒªãƒãƒ¼ãƒ ã€ã¨ã¦ã‚‚ä¾¿åˆ©ã§ä»•äº‹ã§å¿…ãšä½¿ã†æ©Ÿèƒ½ãªã‚“ã ã‘ã©é€šã—ç•ªå·ã«æ¯å›1ã‚’å…¥åŠ›ã™ã‚‹ã®ãŒé¢å€’ãªã®ã§1ã«ãƒªã‚»ãƒƒãƒˆã•ã‚Œã‚‹ã‚ˆã†ã«ã§ãã‚“ã‹ãª",1517,4,0,1,2025-06-23T00:15:08+00:00,2025-11-24T13:21:16.967179+00:00
https://x.com/Genki119/status/1935246230231109644,"Genki119","ã€Adobe Illustratorã€‘ã®ã€Œé‰›ç­†ãƒ„ãƒ¼ãƒ«ã€ãŒè¶…é€²åŒ–ï¼ æ–°æ©Ÿèƒ½ã€Œãƒ©ã‚¤ãƒ–ãƒ—ãƒ¬ãƒ“ãƒ¥ãƒ¼ã€ã¨ã€Œãƒ©ã‚¤ãƒ–ã‚«ãƒ¼ãƒ–ã‚µã‚¤ã‚ºèª¿æ•´ã€ã§ã€ã¾ã™ã¾ã™ãƒ•ãƒªãƒ¼ãƒãƒ³ãƒ‰ãŒæ¥½ã—ããªã‚Šã¾ã™ã€‚ãƒ™ã‚¯ã‚¿ãƒ¼ã§æ‰‹æãæ–‡å­—ã‚„ãƒ©ãƒ•ãªã‚¿ãƒƒãƒã®ã‚¤ãƒ©ã‚¹ãƒˆã€æ¥½ã—ã‚‚ã†ï¼ã€€#PR #AdobePartner #AdobeIllustrator 
@creativecloudjp",46216,562,83,0,2025-06-18T08:00:31+00:00,2025-11-24T13:21:16.967179+00:00
https://x.com/ErikNaso/status/1934982972308148252,"ErikNaso","I used Adobe Bridge 2025 for the first time. I haven't used Bridge in many years, but I found it helpful for quickly culling photos from a shoot.",367,4,0,4,2025-06-17T14:34:25+00:00,2025-11-24T13:21:16.967179+00:00
https://x.com/Bennyblaq3/status/1931862651216212322,"Bennyblaq3","Absolutely! Hereâ€™s a bullish and viral-ready tweet for the AITECH Monthly Snapshot:

 AITECH just dropped a monster Monthly Snapshot:

 $1M Buyback (80% done)
 $500K Stake, Earn & Burn
 Solana Bridge incoming
 Dev rewards for agents
 Stripe, IBM, Adobe, CertiK 94.59",195,27,26,1,2025-06-08T23:55:22+00:00,2025-11-24T13:21:16.967179+00:00
https://x.com/yamo74/status/1928628338576470333,"yamo74","Finderã§é¸æŠã—ã¦ã„ã‚‹ãƒ•ã‚©ãƒ«ãƒ€ãƒ»ãƒ•ã‚¡ã‚¤ãƒ«ã‚’2022ä»¥é™ã®Adobe Bridgeã«é–‹ã‹ã›ã‚‹AppleScript",607,2,1,0,2025-05-31T01:43:22+00:00,2025-11-24T13:21:16.967179+00:00
https://x.com/cttom4to/status/1921064617649779060,"cttom4to","why does adobe bridge have to suck absolute donkey ass",94,0,0,0,2025-05-10T04:47:51+00:00,2025-11-24T13:21:16.967179+00:00
https://x.com/doyin_deji/status/1916440632035262822,"doyin_deji","This adobe bridge app is a cleaner UI version of photo mechanic.",168,0,0,0,2025-04-27T10:33:47+00:00,2025-11-24T13:21:16.967179+00:00
https://x.com/danoob_777/status/1907763200751448498,"danoob_777","Adobe bridgeä¾¿åˆ©ã™ãã‚‹",180,3,0,0,2025-04-03T11:52:46+00:00,2025-11-24T13:21:16.967179+00:00
https://x.com/DesignSpot_Jap/status/1889691645614104631,"DesignSpot_Jap","ã€Adobe Firefly webç‰ˆã®ãƒªãƒ‹ãƒ¥ãƒ¼ã‚¢ãƒ«ã€‘
ã¤ã„ã«ã€Œå‹•ç”»ç”Ÿæˆã€ãŒè¿½åŠ ã•ã‚Œã¾ã—ãŸ
ãƒ†ã‚­ã‚¹ãƒˆã‹ã‚‰å‹•ç”»ã‚’ç”Ÿæˆã—ãŸã‚Šã€ã‚¤ãƒ¡ãƒ¼ã‚¸ã«åˆã‚ã›ã¦é™æ­¢ç”»ã‚’å‹•ã‹ã™ã“ã¨ãŒã§ãã¾ã™ï¼
ï¼ˆéŸ³ã‚ã‚Šè§£èª¬ï¼‰
#AdobeFirefly #PR #AdobePartnerÂ #AdobeMAX

@creativecloudjp",62157,471,79,1,2025-02-12T15:02:51+00:00,2025-11-24T13:21:16.967179+00:00
https://x.com/suuun82/status/1882813198887432424,"suuun82","Webãƒ‡ã‚¶ã‚¤ãƒ³ã§ã‚‚ç¬é–“çš„ã«é­…åŠ›çš„ã«è¦‹ã›ã‚‹ãƒ¬ã‚¿ãƒƒãƒã¯æ¬ ã‹ã›ã¾ã›ã‚“ã€‚æ˜”ã¯Photoshopãƒ¡ã‚¤ãƒ³ã§ã—ãŸãŒã€ä»Šã¯Adobe Bridgeã®Camera Rawã§ç·¨é›†ã—ã¦ã„ã¾ã™ã€‚ã“ã®æ“ä½œæ€§ãŒLightroomã¨ã»ã¼ä¸€ç·’ã§ã€ä¸€æ°—ã«è¤‡æ•°ã®ç·¨é›†ãŒã§ãã¦ã€ä¸€æ°—ã«æŒ‡å®šã®è§£åƒåº¦ãƒ»ã‚µã‚¤ã‚ºã§æ›¸ãå‡ºã›ã‚‹ã®ã§ã€ã‚ã¡ã‚ƒãã¡ã‚ƒåŠ¹ç‡çš„ï¼",2134,16,1,0,2025-01-24T15:30:22+00:00,2025-11-24T13:21:16.967179+00:00
https://x.com/lastfire77/status/1882227495573098650,"lastfire77","How does everyone sort large amounts of clips? 

I wanna be able to preview, tag, and then search tags quickly, but the only app i know that cam do that is adobe bridge and it kinda sucks.",403,3,1,0,2025-01-23T00:42:59+00:00,2025-11-24T13:21:16.967179+00:00
https://x.com/matt_yow/status/1867308503104467026,"matt_yow","opened Adobe Bridge on accident. What is this, 2010??",253,5,0,2,2024-12-12T20:40:14+00:00,2025-11-24T13:21:16.967179+00:00
https://x.com/JC_Midwest/status/1848288270297247937,"JC_Midwest","Wild. Just tried it and it worked on adobe crative app.",28419,483,43,11,2024-10-21T09:00:37+00:00,2025-11-24T13:21:16.967179+00:00
https://x.com/Rainmaker1973/status/1842829945212432479,"Rainmaker1973","Adobe's fully interactive digital dress, named ""Project Primrose"", woven with sequins that use liquid crystals to create miniature screens.

https://
x.com/i/status/18426
46313772732566/video/1
â€¦",81363,237,41,40,2024-10-06T07:31:11+00:00,2025-11-24T13:21:16.967179+00:00
https://x.com/icreatelife/status/1772659854387397031,"icreatelife","Good morning!   
Iâ€™m excited to share with you a new tool on Adobe Firefly website called Structure Reference. I spent whole weekend creating art with it and find this new feature the most inspiring for my art.

You can draw a form (or use a photo or your sketch) and reach",80389,343,63,41,2024-03-26T16:20:18+00:00,2025-11-24T13:21:16.967179+00:00
https://x.com/creativecloudjp/status/1701950568766595272,"creativecloudjp","ãŠå¾…ãŸã›ã—ã¾ã—ãŸï¼
#AdobeFirefly ãŒã¤ã„ã«å•†ç”¨åˆ©ç”¨å¯èƒ½ã«ãªã‚Šã¾ã—ãŸ

#Photoshop ã€ #Illustrator ã€ #AdobeExpress ã®æœ€æ–°ã‚¢ãƒƒãƒ—ãƒ‡ãƒ¼ãƒˆã§è£½å“ã«çµ±åˆã•ã‚Œã¾ã—ãŸã€‚ã•ã‚‰ã«ã€Firefly Webç‰ˆã‚‚è£½å“ç‰ˆã«ï¼

æ–°ã—ã„ã‚¯ãƒªã‚¨ã‚¤ãƒ†ã‚£ãƒ–åˆ¶ä½œã‚’æ˜¯éã”ä½“é¨“ãã ã•ã„ï¼

https://
firefly.adobe.com",4108325,4168,2135,30,2023-09-13T13:26:50+00:00,2025-11-24T13:21:16.967179+00:00
https://x.com/AdobeDesign/status/1582408709535588352,"AdobeDesign","Overlap and intersect shapes and text faster than ever with the new Intertwine tool in #AdobeIllustrator! Perfect for adding depth to your designs and giving them that extra wow-factor.
â€¢
See what else is new for #AdobeMAX: 
https://
adobe.ly/Creative-Cloud
-Helps-You-Create-With-Precision
â€¦",0,525,152,12,2022-10-18T16:30:10+00:00,2025-11-24T13:21:16.967179+00:00
https://x.com/Aymbk/status/1576896108156309510,"Aymbk","- Adobe Ø£Ø¯ÙˆØ¨ÙŠ

ØªÙ‚Ø¯Ø± Ø§ÙŠØ¶Ø§ ØªØ­Ù…Ù„ Ø¨Ø±Ø§Ù…Ø¬ Adobe Ø§Ù„Ø£ØµÙ„ÙŠØ© Ø¬Ù…ÙŠØ¹Ù‡Ø§ØŒ Ø¨Ø§Ù„Ø¥Ø¶Ø§ÙØ© Ø¥Ù„Ù‰ Ø®ØµÙˆÙ…Ø§Øª Ù…Ù† 60 Ø¥Ù„Ù‰ 70% Ø¨Ø§Ù„Ø§ÙŠÙ…ÙŠÙ„ Ø§Ù„Ø¬Ø§Ù…Ø¹ÙŠ Ù…ÙÙŠØ¯Ø© Ù„Ù„Ù…ØµÙ…Ù…ÙŠÙ† ÙˆØ§Ù„Ù…Ù‡ØªÙ…ÙŠÙ† Ø¨Ø§Ù„Ù…Ø¬Ø§Ù„

https://
adobe.com/creativecloud/
buy/students.html
â€¦",0,200,7,1,2022-10-03T11:25:04+00:00,2025-11-24T13:21:16.967179+00:00
https://x.com/AdobeFresco/status/1176542174479036417,"AdobeFresco","One of #AdobeFrescoâ€™s fundamental strengths is the brushes. Along with 
@Photoshop
 brushes, there are new Live Brushes that recreate the experience of painting with oils or watercolors.

Learn how 
@kyletwebster
 helped create these brushes: 
https://
adobe.ly/2mRTBMw",0,161,66,1,2019-09-24T17:01:28+00:00,2025-11-24T13:21:16.967179+00:00
https://x.com/presentcorrect/status/1120357221190316032,"presentcorrect","Adobe Bridge is the only bridge in the world that gets you nowhere.",0,152,29,4,2019-04-22T16:02:31+00:00,2025-11-24T13:21:16.967179+00:00
https://x.com/AdobeUK/status/982170252518674435,"AdobeUK","Photographer Flora Matayer uses gradients, colour mixers and the adjustment brush to turn Japan Bridge in Paris into a celebration of transparency and colour. Learn how with #LightroomStories: 
http://
adobe.ly/2E2Ifbe",0,167,25,4,2018-04-06T08:16:50+00:00,2025-11-24T13:21:16.967179+00:00
https://x.com/AdobeDesign/status/981743232500490240,"AdobeDesign","It appears to be old, but it's new. It seems that it's 3D, but it's not. Watch how Birgit Palma uses Illustrator and 
@Photoshop
 to illustrate the impossible: 
https://
adobe.ly/2GYgGFT",0,201,34,1,2018-04-05T04:00:01+00:00,2025-11-24T13:21:16.967179+00:00
https://x.com/naifshpoor2020/status/977958279505694722,"naifshpoor2020","Ø¨Ø±Ù†Ø§Ù…Ø¬ Ø®ÙÙŠÙ ÙˆØ±Ø§Ø¦Ø¹ Ø¬Ø¯Ø§ØŒÙŠÙ‚ÙˆÙ… Ø¨Ø¹Ø±Ø¶ Ø§Ù„Ù…Ù„ÙØ§Øª PSD Ùˆ Ai Ùˆ JPG ÙˆØ§Ù„ÙƒØ«ÙŠØ± Ù…Ù† Ø§Ù„Ø§Ù…ØªØ¯Ø§Ø¯Ø§Øª Ø¹Ù„Ù‰ Ø´ÙƒÙ„ Ù…ØµØºØ±Ø§Øª Thumbs
ÙŠØºÙ†ÙŠÙƒ Ø¹Ù† Ø¨Ø±Ù†Ø§Ù…Ø¬ Adobe Bridge
Ù…ÙˆØ¬ÙˆØ¯ Ø¹Ù„Ù‰ Ø§Ù„Ø±Ø§Ø¨Ø·

https://
goo.gl/YDUM4D
Ù…Ù„Ø§Ø­Ø¸Ø©: Ù‚ÙˆÙ… Ø¨ØªØºÙŠØ± Ø­Ø¬Ù… Ø¹Ø±Ø¶ Ø§Ù„Ù…Ù„ÙØ§Øª Ù…Ù† 10 Ø¥Ù„Ù‰ 1000 Ù…Ø«Ù„ Ù…Ø§ Ù‡Ùˆ Ù…Ø¨ÙŠÙ† ÙÙŠ Ø§Ù„ØµÙˆØ±Ø© Ø§Ù„Ù…Ø´Ø§Ø± Ø¥Ù„ÙŠÙ‡Ø§ Ø¨Ø§Ù„Ù„ÙˆÙ† Ø§Ù„Ø§Ø­Ù…Ø±

@DesMeet",0,158,37,3,2018-03-25T17:19:58+00:00,2025-11-24T13:21:16.967179+00:00
https://x.com/demianborba/status/973549096077352960,"demianborba","Yes! Our March update is out! And this is a big one! You can now open Sketch and Photoshop files in 
@AdobeXD
, to start prototyping right away, on both Mac and Windows!  See it in action with this great design by 
@JoAccord
.",0,165,66,11,2018-03-13T13:19:26+00:00,2025-11-24T13:21:16.967179+00:00
https://x.com/JonyIveParody/status/755830376178692101,"JonyIveParody","When 
@Adobe
 CC notifies you that there is an app update available, but the app turns out to be Bridge.",0,102,30,3,2016-07-20T18:22:58+00:00,2025-11-24T13:21:16.967179+00:00
https://x.com/iamdevloper/status/529240990176264192,"iamdevloper","Adobe are to release a new app to entertain you when you accidentally open Adobe Bridge.",0,162,130,4,2014-11-03T11:57:39+00:00,2025-11-24T13:21:16.967179+00:00
https://x.com/DomenicoLagos/status/1992882277328810158,"DomenicoLagos","$ADBE â€™s ecosystem isnâ€™t just software itâ€™s a creative operating system. Once youâ€™re inside Photoshop, Premiere, Illustrator, After Effects, Acrobat, Lightroomâ€¦ switching becomes almost impossible. A defensive wall that competitors simply canâ€™t replicate.",26,0,0,0,2025-11-24T09:05:35+00:00,2025-11-24T13:20:47.190258+00:00
https://x.com/SrRendimiento/status/1992526033996968441,"SrRendimiento","Sigo largo en $ADBE pese a que haya mucho ruido.

En la agencia de publicidad de mi amigo nadie va a migrar sus flujos de trabajo de 10 aÃ±os a una startup inestable por ahorrar 50â‚¬ al mes.

El ""moat"" de Adobe no es la tecnologÃ­a. Es la pereza corporativa y el coste de cambio.",89,1,0,0,2025-11-23T09:30:00+00:00,2025-11-24T13:20:47.190258+00:00
https://x.com/Oblivionarts_2/status/1992377027220189555,"Oblivionarts_2","Adobe es el Hitler del DiseÃ±o GrÃ¡fico y del arte como expresiÃ³n humana en general.

Cada vez que pirateas Adobe, estÃ¡s apuÃ±alando a una empresa inescrupulosa, sigue asÃ­ :D",626,16,0,1,2025-11-22T23:37:54+00:00,2025-11-24T13:20:47.190258+00:00
https://x.com/shram58393/status/1991445014552145967,"shram58393","The Adani Foundation Head Office organised an Adobe Learning Session led by Mr. Azher, Project Manager at Adobe. He introduced students and teachers of Shram Niketan School â€“ Jamul to the creative tools of Adobe Express, inspiring them to explore digital expression.",39,0,0,0,2025-11-20T09:54:25+00:00,2025-11-24T13:20:47.190258+00:00
https://x.com/Junichikodaira/status/1991334278786085081,"Junichikodaira","Adobe Bridgeã®ä»£æ›¿ã‚¢ãƒ—ãƒªã‚’æ¢ã—ã¦ã„ãŸã®ã ã‘ã©ã€Macãªã‚‰ç´”æ­£ã€Œãƒ—ãƒ¬ãƒ“ãƒ¥ãƒ¼ã€ã§ã„ã„ã‹ã‚‚ã¨æ€ã„å§‹ã‚ã¦ã¾ã™ã€‚

Macã®ã‚¹ãƒšãƒƒã‚¯ãŒä¸ŠãŒã£ã¦å¤§é‡ã®RAWã§ã‚‚ã•ã£ã¨é–‹ã‘ã‚‹ã—ã€‚ã‚³ãƒ³ã‚¿ã‚¯ãƒˆã‚·ãƒ¼ãƒˆè¡¨ç¤ºã‚‚ã‚ã‚‹ã—ã€‚

ã‚ã¨ã¯ãƒ¬ãƒ¼ãƒ†ã‚£ãƒ³ã‚°ãŒã§ãã‚Œã°ãªã‚â€¦",280,3,0,0,2025-11-20T02:34:23+00:00,2025-11-24T13:20:47.190258+00:00
https://x.com/AkoolInc/status/1991227574496743749,"AkoolInc","Akool x Adobe: A New Era of Creative Power Starts Now! 
Weâ€™re incredibly excited to announce that Akool is now integrated directly inside Adobe tools bringing our AI-powered creativity straight into your everyday workflow.

No switching tabs.
No exporting/importing.
Just seamless",7505,96,17,8,2025-11-19T19:30:23+00:00,2025-11-24T13:20:47.190258+00:00
https://x.com/y_irodesign/status/1991091962045518177,"y_irodesign","ã¿ãªã•ã‚“ã¯ç”»åƒã‚„ç´ æã®ç®¡ç†ã«ã‚¢ãƒ—ãƒªä½¿ã£ã¦ã¾ã™ã‹

ç§ã¯ã“ã‚Œã¾ã§æ™®é€šã«ãƒ•ã‚©ãƒ«ãƒ€ã§ç´ æã‚’ç®¡ç†ã—ã¦ã„ãŸã‚“ã§ã™ãŒã€
ãƒ•ã‚¡ã‚¤ãƒ«ãŒå¢—ãˆã¦ãã‚‹ã¨æ¢ã™ã®ãŒã¡ã‚‡ã£ã¨æ‰‹é–“ã ãªã‚ã¨æ€ã„ã€
è©¦ã—ã«Eagleã‚’ä½¿ã£ã¦ã¿ãŸã‚‰ã‚ã¡ã‚ƒãã¡ã‚ƒä¾¿åˆ©ã§æ„Ÿå‹•ï¼

ã§ã‚‚1ãƒ¶æœˆã®è©¦ç”¨æœŸé–“ãŒçµ‚ã‚ã‚‹ã¨èª²é‡‘åˆ¶ãªã®ã§",782,8,1,0,2025-11-19T10:31:31+00:00,2025-11-24T13:20:47.190258+00:00
https://x.com/keiphotostudio/status/1990693568508539051,"keiphotostudio","Adobeã®éšœå®³ã¯é…·ã„ã§ã™ã­ãƒ¼ã€‚
å…¨ç„¶ãƒ€ãƒ¡ã€‚
bridge ã‹ã‚‰camera rawãŒä½¿ãˆãªã„ã€‚
ã€€
photoshopã§1æšãšã¤å‡¦ç†ã™ã‚‹ã®ã‹???",1135,21,0,0,2025-11-18T08:08:26+00:00,2025-11-24T13:20:47.190258+00:00
https://x.com/PhenexSFM2/status/1989508589229085122,"PhenexSFM2","â€œThe Indomitable Heart.â€
â€”â€”â€”â€”â€”â€”
Made in Blender 4.5, Rendered with Cycles and composited with Adobe Photoshop.
â€”â€”â€”â€”â€”â€”
The Primary Bridge of the UCM Indomitable never once stopped stirring.
â€”â€”â€”â€”â€”â€”
#Halo #HaloSpotlight",520,11,7,0,2025-11-15T01:39:45+00:00,2025-11-24T13:20:47.190258+00:00
https://x.com/click_st/status/1988885022825410661,"click_st","Adobe Bridgeã€26å¹´ç‰ˆã«ã‚¢ãƒƒãƒ—ãƒ‡ãƒ¼ãƒˆã•ã‚ŒãŸã‚‰ã€ãƒ•ã‚©ãƒ«ãƒ€ã‚’ã‚¢ã‚¤ã‚³ãƒ³ã«ãƒ‰ãƒ©ãƒƒã‚°&ãƒ‰ãƒ­ãƒƒãƒ—ã§é–‹ã‘ãªããªã£ãŸã®ã‚ã¡ã‚ƒãã¡ã‚ƒä¸ä¾¿ãªã‚“ã ã‘ã©ã€è§£æ±ºç­–ã‚ã‚‹ï¼Ÿ
#adobebridge
#adobephotoshop
#bridge2026
#photoshop2026",182,0,0,1,2025-11-13T08:21:55+00:00,2025-11-24T13:20:47.190258+00:00
https://x.com/a_kwsk_1985/status/1988858555345084614,"a_kwsk_1985","adobe bridge ã‚’2026ã«æ›´æ–°ã—ã¦æ•°æ—¥çµŒã£ãŸã‚“ã ã‘ã©ã€ç«‹ã¡ä¸Šã’ã‚‹â†’å›ºã¾ã‚‹â†’Macã‚’å¼·åˆ¶çµ‚äº†
ã®ç¹°ã‚Šè¿”ã—

bridgeã‚’ç«‹ã¡ä¸Šã’ã‚‹ã¨ãƒ¡ãƒ¢ãƒªã®è¡¨ç¤ºãŒãƒã‚°ã‚‹ãã‚‰ã„ä½•ã‹æ‚ªã•ã‚’ã—ã¦ã‚‹ã£ã½ã„ã®ã§ã‚¢ãƒ³ã‚¤ãƒ³ã‚¹ãƒˆãƒ¼ãƒ«ã—ã¦ã€ä¸€ã¤å‰ã®ãƒãƒ¼ã‚¸ãƒ§ãƒ³ã‚’å†ã‚¤ãƒ³ã‚¹ãƒˆãƒ¼ãƒ«ã—ãŸã‚‰å•é¡Œè§£æ±º

è§£æ±ºã™ã‚‹ã¾ã§ï¼‘æ™‚é–“ãã‚‰ã„ã‹ã‹ã£ãŸâ€¦",451,3,0,1,2025-11-13T06:36:45+00:00,2025-11-24T13:20:47.190258+00:00
https://x.com/t_fukui/status/1987764736520487196,"t_fukui","ã‚ã‚Œï¼Ÿ Bridge 2026ã£ã¦ã‚¢ãƒ—ãƒªã‚¢ã‚¤ã‚³ãƒ³ã«ãƒ•ã‚©ãƒ«ãƒ€ã®ãƒ‰ãƒ©ãƒƒã‚°ï¼†ãƒ‰ãƒ­ãƒƒãƒ—ã§ããªããªã£ã¦ã‚‹ï¼Ÿ ãƒ•ã‚©ãƒ«ãƒ€ã®ä¸­èº«ç¢ºèªã™ã‚‹ã®ã«ã€ä»Šã¾ã§ã‚¢ã‚¤ã‚³ãƒ³ã«ãƒã‚¤ã—ã¦ãŸã‚‰é–‹ã„ã¦ãŸæ°—ãŒã™ã‚‹ã®ã ã‘ã©â€¦ 
#Adobe #Bridge",219,0,1,2,2025-11-10T06:10:18+00:00,2025-11-24T13:20:47.190258+00:00
https://x.com/pbmasa/status/1983331221531963906,"pbmasa","ã€Adobe Bridgeã€‘bridge-15ãŒèª­ã¿è¾¼ã¿ã«å¤±æ•—ã—ã¦ã‚‚ä½•å›ã‹èµ·å‹•ã™ã‚‹ã¨è¡¨ç¤ºãŒå¤‰ã‚ã‚‹ã€‚ã¾ãŸStartup Scripts CCï¼Adobe Bridge 2025ã«è©²å½“ãƒ•ã‚¡ã‚¤ãƒ«ãŒã‚ã‚‹ã®ã§ã€ä»–æ‰€ã«ä¸€æ—¦ã‚³ãƒ”ãƒ¼ã—ã¦ã‚‚ã†ä¸€åº¦ä¸Šæ›¸ãã™ã‚‹ã¨ã‚¨ãƒ©ãƒ¼ãŒæ¶ˆãˆã‚‹ã€‚â€»BOMä»˜ãã«ã™ã‚‹ã¨ã‚¨ãƒ©ãƒ¼ãŒæ¶ˆãˆã‚‹çŸ¥è¦‹ã‚‚ã‚ã‚‹ãŒèª­ã¿è¾¼ã¿ã—ãªã„é¸æŠã‚‚ã‚ã‚‹ã€‚",221,0,1,1,2025-10-29T00:33:06+00:00,2025-11-24T13:20:47.190258+00:00
https://x.com/doronstudio/status/1981743787673022634,"doronstudio","a new world of design. in partnership with adobe creative cloud :)",25494,934,40,14,2025-10-24T15:25:12+00:00,2025-11-24T13:20:47.190258+00:00
https://x.com/AllaAisling/status/1979231048643879363,"AllaAisling","Prompt Share
Action prompt with Veo 3.1 in Adobe Firefly Boards #AdobeFirefly 

Steadicam run along a hovering bridge under fire. Laser blasts shred its supports. Camera jolts as the hero leaps to safety just before the entire structure folds into the abyss.",1421,47,7,9,2025-10-17T17:00:28+00:00,2025-11-24T13:20:47.190258+00:00
https://x.com/ID_photo_graphy/status/1973897749390295235,"ID_photo_graphy","This is from last night at Lily Pond. And the time lapse is in reverse again. I tried using Adobe Bridge to correct the image sequence but only made it worse. I'm so frustrated. Hancock Township, MI between 10pm-12am. #northernlights #auroraborealis  #keweenawpeninsula #stormhour",8500,249,59,9,2025-10-02T23:47:51+00:00,2025-11-24T13:20:47.190258+00:00
https://x.com/danyay/status/1970061637475528848,"danyay","getting pretty sick of AI tech support hallucinations

me: want to put a badge on a set of images
ChatGPT: Cool, do it in Bridge! It's easy!

me: ok, downloaded Adobe Bridge, the options you said aren't there
ChatGPT: lol, yeah, I made it up

honestly becoming a bigger waste of",329,4,0,2,2025-09-22T09:44:31+00:00,2025-11-24T13:20:47.190258+00:00
https://x.com/baudinstudio/status/1960301270448627714,"baudinstudio","simple tutorial in adobe for your project to work and grow",21160,315,32,3,2025-08-26T11:20:18+00:00,2025-11-24T13:20:47.190258+00:00
https://x.com/planetofgori/status/1959079834241434068,"planetofgori","å†™çœŸã®ç¾åƒã¯Adobeè£½å“ã«ãŠä¸–è©±ã«ãªã£ã¦ã‚‹ã‘ã©ã€Adobe Bridgeã¯M3 Maxã§ã‚¯ãƒ©ãƒƒã‚·ãƒ¥ã™ã‚‹ã‚“ã ã‹ã‚‰ã€æœ¬å½“ã«ä¿¡ç”¨ã§ããªã„ã€‚ã“ã®2æ™‚é–“ã§2å›ç›®ã®ã‚¯ãƒ©ãƒƒã‚·ãƒ¥ã€Macå…¨ä½“ãŒå‹•ã‹ãªããªã‚Šã€å¼·åˆ¶å†èµ·å‹•â€¦

ã§ã‚‚æœ€æ–°ç‰ˆã¯æ„å‘³ä¸æ˜ã«é£›ã¶ã‚¹ã‚¯ãƒ­ãƒ¼ãƒ«ãŒæ”¹å–„ã•ã‚Œã¦ã¦è‰¯ã‹ã£ãŸãƒ¼ï¼ã‚ã¨ã¯ã‚¯ãƒ©ãƒƒã‚·ãƒ¥ã—ãªã‘ã‚Œã°åŠ©ã‹ã‚‹ï¼",2872,12,0,0,2025-08-23T02:26:45+00:00,2025-11-24T13:20:47.190258+00:00
https://x.com/studio_believer/status/1948360990145544457,"studio_believer","AfterEffectsã®ãƒ†ã‚­ã‚¹ãƒˆãƒ—ãƒªã‚»ãƒƒãƒˆã£ã¦
çµæ§‹ãªæ•°ãŒã‚ã‚‹ã‘ã©åå‰ã ã‘ã ã¨
ã©ã‚“ãªå‹•ãã™ã‚‹ã®ã‹åˆ†ã‹ã‚“ãªã„ãªãè©¦ã™ã‹â€¦â€¦

ã¨ã‹æ€ã£ã¦ãŸã‚‰

ã€Adobe Bridgeã€‘ãªã‚‹æ¨™æº–ã‚¢ãƒ—ãƒªã§å‹•ç”»ã§
ç¢ºèªã§ãã‚‹ã®ä»ŠçŸ¥ã£ãŸ(  '-' )â†Adobeæ­´3å¹´

#aftereffects",1543,20,1,1,2025-07-24T12:33:53+00:00,2025-11-24T13:20:47.190258+00:00
https://x.com/Rainmaker1973/status/1715660715418120356,"Rainmaker1973","Adobe has unveiled its cutting-edge and fully interactive digital dress, named ""Project Primrose"", woven with sequins that use liquid crystals to create miniature screens",1281306,5677,894,309,2023-10-21T09:26:04+00:00,2025-11-24T13:20:47.190258+00:00
https://x.com/TvanHelsdingen/status/1504771866526896128,"TvanHelsdingen","Yearly reminder to cancel your adobe subscription every year and tick the â€˜too expensiveâ€™ box. Theyâ€™ll offer you a big discount if you keep it. Iâ€™ve done this many years already, works every time.",0,2472,560,31,2022-03-18T10:49:04+00:00,2025-11-24T13:20:47.190258+00:00
https://x.com/29mogmog/status/1054686497301979137,"29mogmog","åŒäººå¥³ã®ã¿ã‚“ãªãŸã¡ã«Adobe compã‚’ãŠã™ã™ã‚ã—ãŸãã¦å‹•ç”»ã‚’ä½œã‚Šã¾ã—ãŸã€‚ç·šã‚„å››è§’ã‚’æ›¸ãã ã‘ã§ç°¡å˜ã«å›³ã‚„æ–‡å­—ãŒãƒ¬ã‚¤ã‚¢ã‚¦ãƒˆã§ãã‚‹ç„¡æ–™ã‚¢ãƒ—ãƒªã€‚Adobe CCã®ã‚¢ã‚«ã‚¦ãƒ³ãƒˆï¼ˆç„¡å„Ÿã®ã§ã‚‚OKï¼‰ãŒã‚ã‚Œã°ä½¿ãˆã‚‹ã‚ˆï¼ä½œã£ãŸãƒ‡ã‚¶ã‚¤ãƒ³ã¯PDFã«æ›¸ãå‡ºã›ã‚‹ã‹ã‚‰ãŠã—ãªãŒããªã‚‰ã“ã‚Œã ã‘ã§ä½œã‚Œã¡ã‚ƒã„ãã†ã§ã™ã€‚",0,25750,11201,6,2018-10-23T10:50:30+00:00,2025-11-24T13:20:47.190258+00:00
https://x.com/JunebugSunMusic/status/1992713057223716963,"JunebugSunMusic","Dump everything #Adobe !! The very worst software house I have ever encountered. EVERY IT Department I've managed for the past 10 years I've mandated the uninstalling of literally every  Adobe product, including Photoshop and Acrobat Reader (pdfs). Fuck Abobe.",57,0,0,0,2025-11-23T21:53:10+00:00,2025-11-24T13:19:16.853743+00:00
https://x.com/seinosuke_quad/status/1990652237094531561,"seinosuke_quad","Adobe Bridgeã‚‚å‹•ããŒãŠã‹ã—ã„ãªã€‚ãƒ†ãƒ³ãƒ—ãƒ¬ãƒ¼ãƒˆã®ãƒ†ã‚­ã‚¹ãƒˆç·¨é›†ãŒã§ããªã„â€¦ã€‚",240,1,0,0,2025-11-18T05:24:12+00:00,2025-11-24T13:19:16.853743+00:00
https://x.com/essej_rehceeb/status/1990320689006707161,"essej_rehceeb","really love how adobe bridge crashes a million times more often ever since the v16 update . like genuinely i cant just close the program without it crashing",117,1,0,0,2025-11-17T07:26:45+00:00,2025-11-24T13:19:16.853743+00:00
https://x.com/kazunt/status/1988172083193622911,"kazunt","Nintendo Switchã®Joy-Conã§Adobe Bridge ã§ã®ã‚»ãƒ¬ã‚¯ãƒˆä½œæ¥­ã§ãã‚‹ã‚ˆã†ã«ã—ã¦ã¿ãŸã€‚ã“ã‚Œã¯ã„ã„ãªã€‚",84,0,0,0,2025-11-11T09:08:57+00:00,2025-11-24T13:19:16.853743+00:00
https://x.com/AllaAisling/status/1986091383954829706,"AllaAisling","Veo 3.1 in Adobe Firefly Boards, image to video

Prompt: Steadicam shot circling two samurai poised on a rain-soaked bridge. Lanterns flicker in the wind; camera glides around them as blades ignite the stormlight.",5491,177,22,14,2025-11-05T15:21:00+00:00,2025-11-24T13:19:16.853743+00:00
https://x.com/TeluguCineMania/status/1969019456685748592,"TeluguCineMania","FREE ADOBE SOFTWARES PACK  
""Drive File link Available at Below""",16855,212,74,9,2025-09-19T12:43:15+00:00,2025-11-24T13:19:16.853743+00:00
https://x.com/vj_negi/status/1573930911267426305,"vj_negi","Waqf Board can encroach upon properties and run parallel courts through draconian Waqf Laws. Such unsecular board in a secular nation are by no means justified. The govt must Remove the Waqf Act and #DissolveWaqfBoard.",0,9167,0,253,2022-09-25T07:02:26+00:00,2025-11-24T13:19:16.853743+00:00
https://x.com/vj_negi/status/1545801372418789376,"vj_negi","#HinduSankalpMarch",0,0,0,0,2022-07-09T16:05:41+00:00,2025-11-24T13:19:16.853743+00:00
https://x.com/vj_negi/status/1535305875971141632,"vj_negi","India is the only country in the world where majority living in the fear of minority. #HindusUnderAttackInIndia #IsupportNupurSharma  #HinduRashtra",0,534,0,17,2022-06-10T17:00:20+00:00,2025-11-24T13:19:16.853743+00:00
https://x.com/vj_negi/status/1534800044473188353,"vj_negi","Many temples are destroyed and replaced by masjid. 57 Islamic states are responsible for. Say sorry to every Hindu for demolishing our Hindu temples #IsupportNupurSharma #NupurSharmaBJP #HinduRashtra #KanganaRanaut",0,801,0,19,2022-06-09T07:30:20+00:00,2025-11-24T13:19:16.853743+00:00
https://x.com/vj_negi/status/73239576369569793,"vj_negi","RT 
@tweetmeme
 The Intern Diary http://bit.ly/kIx4iG",0,0,0,0,2011-05-25T04:10:50+00:00,2025-11-24T13:19:16.853743+00:00